"component","iteration","target_singular_value","left_rayleigh_singular_value","right_rayleigh_singular_value","cross_singular_value","left_relative_estimate_change","right_relative_estimate_change","left_relative_residual","right_relative_residual","max_relative_residual","convergence_conditions_met","consecutive_converged_checkpoints"
1,1,269.874732755818,250.724402408092,247.16510492083,247.16510492083,NA,NA,0.043703503011416,0.170318363073255,0.170318363073255,FALSE,0
1,100,269.874732755818,250.990591299882,250.990591268945,250.990591268946,0.00106167923517936,0.0154774532163049,5.84563087987886e-06,1.57006514985803e-05,1.57006514985803e-05,FALSE,0
1,200,269.874732755818,250.99059130489,250.99059130489,250.99059130489,1.99545997579762e-11,1.43211265169423e-10,1.01425593049739e-09,2.64530631930045e-09,2.64530631930045e-09,FALSE,0
1,300,269.874732755818,250.99059130489,250.990591304891,250.99059130489,2.26476293654202e-16,2.15152478971492e-15,1.80670504848186e-13,4.70239365871296e-13,4.70239365871296e-13,FALSE,0
1,400,269.874732755818,250.99059130489,250.990591304889,250.99059130489,2.26476293654202e-16,4.52952587308402e-15,1.24663256415209e-15,5.72048094621612e-15,5.72048094621612e-15,FALSE,0
1,500,269.874732755818,250.99059130489,250.990591304889,250.99059130489,0,0,1.24787246496275e-15,5.72097975295164e-15,5.72097975295164e-15,TRUE,1
1,600,269.874732755818,250.99059130489,250.990591304889,250.99059130489,0,0,1.24787246496275e-15,5.72097975295164e-15,5.72097975295164e-15,TRUE,2
1,700,269.874732755818,250.99059130489,250.990591304889,250.99059130489,0,0,1.24787246496275e-15,5.72097975295164e-15,5.72097975295164e-15,TRUE,3
2,1,102.864557553445,94.1516771296859,89.0034659021307,89.0034659021308,NA,NA,0.168643958130985,0.345009313437057,0.345009313437057,FALSE,0
2,100,102.864557553445,94.394278224413,89.9777902601965,89.9777902601965,0.00257670497353907,0.0109470383899116,0.157811943958496,0.317139813473975,0.317139813473975,FALSE,0
2,200,102.864557553445,94.6078746835443,90.8259424295329,90.8259424295329,0.00226281150880268,0.00942623915172541,0.147824700007907,0.291569054659166,0.291569054659166,FALSE,0
2,300,102.864557553445,94.7943570227839,91.5542956969828,91.5542956969827,0.00197110800621347,0.00801922058793856,0.138705525767362,0.26838671686346,0.26838671686346,FALSE,0
2,400,102.864557553445,94.9575829698363,92.1786715121534,92.1786715121535,0.00172189518636786,0.00681973260148466,0.130371117623406,0.247392128056114,0.247392128056114,FALSE,0
2,500,102.864557553445,95.1008413907169,92.7134601418609,92.713460141861,0.00150865698557359,0.00580165260503855,0.122745649129745,0.228392810817452,0.228392810817452,FALSE,0
2,600,102.864557553445,95.2269326389151,93.1714961376784,93.1714961376785,0.00132586890246485,0.00494033978579376,0.115760284312866,0.211206656323223,0.211206656323223,FALSE,0
2,700,102.864557553445,95.3382395800979,93.5640537803048,93.5640537803046,0.00116885988131999,0.00421328044412126,0.109352678097973,0.19566319226483,0.19566319226483,FALSE,0
2,800,102.864557553445,95.4367895897434,93.9009202028869,93.9009202028871,0.00103368816205946,0.00360038293523622,0.103466478294681,0.181604185479769,0.181604185479769,FALSE,0
2,900,102.864557553445,95.5243081540916,94.1905137729145,94.1905137729145,0.000917031730890959,0.00308403335560377,0.0980508392540029,0.168883766903693,0.168883766903693,FALSE,0
2,1000,102.864557553445,95.6022648714335,94.4400243688576,94.4400243688573,0.000816092980398342,0.00264899920330239,0.0930599540915936,0.157368222401609,0.157368222401609,FALSE,0
2,1100,102.864557553445,95.6719127085617,94.655559679523,94.655559679523,0.000728516601796663,0.00228224539442718,0.0884526099967914,0.146935557542269,0.146935557542269,FALSE,0
2,1200,102.864557553445,95.734321357075,94.8422874272718,94.8422874272717,0.000652319439911362,0.00197270766113458,0.0841917694009802,0.137474916422506,0.137474916422506,FALSE,0
2,1300,102.864557553445,95.7904054844368,95.0045676243408,95.004567624341,0.000585830938860175,0.00171105317544674,0.0802441784999082,0.128885913047203,0.128885913047203,FALSE,0
2,1400,102.864557553445,95.8409486041906,95.1460718922271,95.1460718922272,0.000527642820783436,0.00148944699633571,0.0765800036903831,0.12107791736468,0.12107791736468,FALSE,0
2,1500,102.864557553445,95.8866232108551,95.2698888045848,95.2698888045849,0.000476566721529203,0.00130133498835321,0.0731724958016166,0.1139693257919,0.1139693257919,FALSE,0
2,1600,102.864557553445,95.9280077454532,95.3786154206101,95.3786154206099,0.000431598623585348,0.00114124848249029,0.0699976815092084,0.107486837024992,0.107486837024992,FALSE,0
2,1700,102.864557553445,95.9656008818815,95.4744358748575,95.4744358748578,0.000391889056301878,0.00100463247264465,0.0670340809676016,0.101564747354294,0.101564747354294,FALSE,0
2,1800,102.864557553445,95.9998335548453,95.5591882464098,95.5591882464101,0.00035671816410492,0.000887697013087814,0.0642624504504252,0.0961442749675089,0.0961442749675089,FALSE,0
2,1900,102.864557553445,96.0310790879101,95.6344210661355,95.6344210661357,0.000325474867067764,0.000787290276384698,0.0616655486227994,0.091172919337798,0.091172919337798,FALSE,0
2,2000,102.864557553445,96.0596617255961,95.7014408205092,95.7014408205092,0.000297639451285408,0.000700791133847077,0.0592279249672317,0.0866038593761831,0.0866038593761831,FALSE,0
2,2100,102.864557553445,96.0858638260693,95.7613517320137,95.7613517320138,0.000272769027107545,0.000626018908292198,0.0569357288317672,0.0823953922961646,0.0823953922961646,FALSE,0
2,2200,102.864557553445,96.1099319303097,95.815088977736,95.8150889777363,0.000250485381324983,0.000561157969790802,0.054776537555038,0.078510413886917,0.078510413886917,FALSE,0
2,2300,102.864557553445,96.1320818889877,95.8634463736244,95.8634463736244,0.000230464825362585,0.000504694995374255,0.0527392021394979,0.0749159399758128,0.0749159399758128,FALSE,0
2,2400,102.864557553445,96.1525031989231,95.9070994167867,95.9070994167867,0.000212429706443413,0.000455366928830659,0.0508137089845564,0.0715826681832738,0.0715826681832738,FALSE,0
2,2500,102.864557553445,96.1713626762528,95.946624450541,95.946624450541,0.000196141303681138,0.000412117914050727,0.0489910562497716,0.0684845785688165,0.0684845785688165,FALSE,0
2,2600,102.864557553445,96.1888075726317,95.9825146009895,95.9825146009893,0.00018139387748589,0.000374063711506257,0.0472631434898271,0.0655985713949186,0.0655985713949186,FALSE,0
2,2700,102.864557553445,96.2049682233646,96.0151930313539,96.015193031354,0.000168009679511797,0.000340462327959017,0.0456226732835798,0.0629041399681783,0.0629041399681783,FALSE,0
2,2800,102.864557553445,96.2199603017818,96.0450239713396,96.0450239713399,0.000155834762944885,0.000310689788187426,0.0440630636654809,0.0603830763369682,0.0603830763369682,FALSE,0
2,2900,102.864557553445,96.2338867419985,96.072321902615,96.0723219026148,0.00014473546001237,0.000284220151620037,0.0425783702562953,0.0580192075180547,0.0580192075180547,FALSE,0
2,3000,102.864557553445,96.246839382033,96.0973592170036,96.0973592170037,0.000134595416158149,0.000260609027581244,0.0411632170788997,0.0557981598804336,0.0557981598804336,FALSE,0
2,3100,102.864557553445,96.2589003707881,96.1203726097245,96.1203726097243,0.000125313089058663,0.000239479970193723,0.0398127351321711,0.053707149323038,0.053707149323038,FALSE,0
2,3200,102.864557553445,96.2701433753327,96.141568424705,96.1415684247049,0.00011679963620272,0.000220513241937703,0.0385225078802039,0.0517347949346375,0.0517347949346375,FALSE,0
2,3300,102.864557553445,96.280634619034,96.1611271312952,96.161127131295,0.000108977127627572,0.00020343652501905,0.0372885228942402,0.0498709539101143,0.0498709539101143,FALSE,0
2,3400,102.864557553445,96.290433776179,96.1792070804408,96.179207080441,0.000101777031110289,0.000188017234042738,0.0361071289601314,0.0481065756091398,0.0481065756091398,FALSE,0
2,3500,102.864557553445,96.2995947446263,96.1959476625528,96.1959476625526,9.51389259349465e-05,0.000174056146023389,0.0349749980343629,0.0464335727732142,0.0464335727732142,FALSE,0
2,3600,102.864557553445,96.3081663146122,96.211471967952,96.2114719679519,8.90094086967988e-05,0.00016138211407435,0.033889091496543,0.0448447080584905,0.0448447080584905,FALSE,0
2,3700,102.864557553445,96.3161927489786,96.2258890332169,96.2258890332171,8.33411607082502e-05,0.000149847673775582,0.0328466302056937,0.0433334941888331,0.0433334941888331,FALSE,0
2,3800,102.864557553445,96.3237142876999,96.2392957422679,96.2392957422679,7.80921515552447e-05,0.000139325385149858,0.0318450679218057,0.0418941061815804,0.0418941061815804,FALSE,0
2,3900,102.864557553445,96.3307675875944,96.2517784390942,96.2517784390943,7.3224957598843e-05,0.000129704781503743,0.0308820677031552,0.0405213042436336,0.0405213042436336,FALSE,0
2,4000,102.864557553445,96.3373861064239,96.2634142992459,96.263414299246,6.87061776336115e-05,0.000120889819808418,0.0299554809340389,0.039210366075042,0.039210366075042,FALSE,0
2,4100,102.864557553445,96.3436004391899,96.2742724991196,96.27427249912,6.45059308455383e-05,0.000112796745811874,0.0290633286772294,0.0379570274492102,0.0379570274492102,FALSE,0
2,4200,102.864557553445,96.3494386132497,96.284415215416,96.2844152154158,6.05974245639392e-05,0.000105352302676788,0.0282037850809094,0.0367574300618905,0.0367574300618905,FALSE,0
2,4300,102.864557553445,96.3549263478882,96.2938984816793,96.2938984816792,5.69565813509376e-05,9.84922247508603e-05,0.027375162601405,0.0356080757545863,0.0356080757545863,TRUE,1
2,4400,102.864557553445,96.3600872831455,96.3027729243078,96.3027729243079,5.35617165914647e-05,9.21599682682341e-05,0.0265758988311343,0.0345057863215245,0.0345057863215245,TRUE,2
2,4500,102.864557553445,96.3649431819973,96.3110843966822,96.3110843966821,5.039325916701e-05,8.63056392040944e-05,0.0258045447460664,0.0334476682031632,0.0334476682031632,TRUE,3
3,1,92.0531558416128,79.4959379442587,74.8984939580348,74.8886827626947,NA,NA,0.19036940002999,0.356628016689756,0.356628016689756,FALSE,0
3,100,92.0531558416128,79.6649098648119,75.4442367301143,75.4344342492687,0.00212554156756698,0.00728643185249184,0.182771966727371,0.340077475452655,0.340077475452655,FALSE,0
3,200,92.0531558416128,79.8221739156472,75.9533117064744,75.9435285432072,0.00197406927469331,0.00674769867685459,0.175490324975898,0.324172474144594,0.324172474144594,FALSE,0
3,300,92.0531558416128,79.9670625116658,76.422477909929,76.4127237191961,0.00181514219559648,0.00617703419263283,0.168584185933953,0.309059003430675,0.309059003430675,FALSE,0
3,400,92.0531558416128,80.1006018904647,76.8542535590916,76.8445371102784,0.0016699297761433,0.00564985147002848,0.16203517688625,0.294709939618399,0.294709939618399,FALSE,0
3,500,92.0531558416128,80.2237384272808,77.251141696661,77.24147091164,0.00153727355238235,0.00516416618716142,0.155825635778759,0.281096926411948,0.281096926411948,FALSE,0
3,600,92.0531558416128,80.3373432831674,77.615596447042,77.6059784436821,0.00141610024805294,0.00471779112096627,0.149938617175663,0.268190835425693,0.268190835425693,FALSE,0
3,700,92.0531558416128,80.4422171411859,77.9499965952444,77.9404377345328,0.00130541854799418,0.00430841433307193,0.144357890794676,0.255962153687992,0.255962153687992,FALSE,0
3,800,92.0531558416128,80.5390949308243,78.2566257027674,78.2471316379825,0.00120431525983988,0.00393366415543574,0.139067934029833,0.244381306177007,0.244381306177007,FALSE,0
3,900,92.0531558416128,80.6286504644543,78.5376579157998,78.5282336424457,0.00111195108048879,0.00359116190493259,0.134053919674227,0.23341892107947,0.23341892107947,FALSE,0
3,1000,92.0531558416128,80.7115009292741,78.7951486166225,78.7857985220904,0.00102755613969162,0.00327856352806917,0.129301699881003,0.223046044978324,0.223046044978324,FALSE,0
3,1100,92.0531558416128,80.788211194316,79.0310291046083,79.0217570167541,0.000950425455588348,0.00299359151073428,0.124797787247089,0.213234314612011,0.213234314612011,FALSE,0
3,1200,92.0531558416128,80.8592979051615,79.2471045550567,79.237913789087,0.000879914405760573,0.00273405841852855,0.120529333769093,0.203956091247953,0.203956091247953,FALSE,0
3,1300,92.0531558416128,80.9252333494555,79.4450545811979,79.4359479844261,0.000815434291444894,0.00249788338959028,0.116484108302548,0.195184563106351,0.195184563106351,FALSE,0
3,1400,92.0531558416128,80.9864490845395,79.6264358085675,79.6174158027423,0.000756448051494508,0.0022831028101842,0.112650473052411,0.186893820678684,0.186893820678684,FALSE,0
3,1500,92.0531558416128,81.0433393248918,79.7926859554135,79.7837545764393,0.000702466165579688,0.00208787628327084,0.109017359532984,0.17905890922296,0.17905890922296,FALSE,0
3,1600,92.0531558416128,81.0962640919079,79.9451289935824,79.9362879285462,0.000653042772632309,0.00191048886678707,0.10557424435736,0.171655862193426,0.171655862193426,FALSE,0
3,1700,92.0531558416128,81.145552132133,80.0849810388235,80.076231660316,0.000607772019796199,0.00174935042324232,0.102311125149011,0.164661718880973,0.164661718880973,FALSE,0
3,1800,92.0531558416128,81.1915036126343,80.2133566861533,80.2047000839224,0.000566284648929783,0.00160299279171422,0.0992184968097874,0.158054529103955,0.158054529103955,FALSE,0
3,1900,92.0531558416128,81.2343926039608,80.3312755642707,80.3227125742938,0.000528244821418074,0.00147006537301188,0.0962873283283286,0.15181334739707,0.15181334739707,FALSE,0
3,2000,92.0531558416128,81.2744693622539,80.4396689330546,80.4312001641416,0.000493347177326681,0.00134932961069742,0.0935090402697354,0.145918218796964,0.145918218796964,FALSE,0
3,2100,92.0531558416128,81.3119624226954,80.5393861903341,80.5310120483908,0.000461314121590083,0.00123965275593684,0.0908754830504563,0.140350158014564,0.140350158014564,FALSE,0
3,2200,92.0531558416128,81.3470805167119,80.6312011890712,80.6229218991699,0.00043189332750233,0.00114000122275699,0.0883789160709177,0.135091123512981,0.135091123512981,FALSE,0
3,2300,92.0531558416128,81.3800143252957,80.7158182946462,80.7076339210495,0.000404855446251308,0.00104943377163074,0.0860119877519077,0.130123987772584,0.130123987772584,FALSE,0
3,2400,92.0531558416128,81.4109380805372,80.7938781349017,80.7857885991927,0.000379992010296731,0.000967094702188156,0.0837677164984652,0.125432504818374,0.125432504818374,FALSE,0
3,2500,92.0531558416128,81.4400110270335,80.8659630137937,80.8579681112581,0.000357113517935507,0.000892207188911154,0.0816394725966195,0.121001275905665,0.121001275905665,FALSE,0
3,2600,92.0531558416128,81.4673787543139,80.9326019736824,80.9247013880885,0.000336047686330835,0.000824066855882384,0.0796209610332866,0.116815714105246,0.116815714105246,FALSE,0
3,2700,92.0531558416128,81.4931744108196,80.994275502148,80.9864688190594,0.000316637860454914,0.000762035656356761,0.077706205217612,0.112862008395772,0.112862008395772,FALSE,0
3,2800,92.0531558416128,81.5175198093438,81.0514198873276,81.04370660608,0.000298741565784787,0.000705536099005235,0.0758895315727103,0.109127087756451,0.109127087756451,FALSE,0
3,2900,92.0531558416128,81.5405264331838,81.1044312317049,81.0968107761677,0.00028222919310841,0.000654045844613426,0.0741655549597613,0.105598585654828,0.105598585654828,FALSE,0
3,3000,92.0531558416128,81.5622963516033,81.1536691384129,81.1461408666461,0.000266982804401354,0.000607092682362717,0.0725291648915268,0.102264805240505,0.102264805240505,FALSE,0
3,3100,92.0531558416128,81.5829230525678,81.1994600868815,81.1920232997974,0.000252895049394181,0.000564249884876083,0.0709755124892595,0.0991146854841659,0.0991146854841659,FALSE,0
3,3200,92.0531558416128,81.6024922000959,81.2421005163315,81.2347544654505,0.000239868183142675,0.00052513193319785,0.0694999981354244,0.0961377684405946,0.0961377684405946,FALSE,0
3,3300,92.0531558416128,81.6210823229796,81.2818596364552,81.2746035308509,0.000227813175584264,0.000489390597620694,0.0680982597744547,0.0933241677632331,0.0933241677632331,FALSE,0
3,3400,92.0531558416128,81.6387654410702,81.3189819848505,81.3118149973571,0.000216648904760208,0.000456711356769862,0.0667661618146086,0.0906645385548502,0.0906645385548502,FALSE,0
3,3500,92.0531558416128,81.6556076348013,81.3536897505074,81.3466110232687,0.000206301426045237,0.000426810134728252,0.065499784585763,0.0881500486031951,0.0881500486031951,FALSE,0
3,3600,92.0531558416128,81.6716695631296,81.3861848820914,81.3791935315134,0.000196703310324012,0.000399430335411219,0.0642954143103907,0.085772351021021,0.085772351021021,FALSE,0
3,3700,92.0531558416128,81.6870069346219,81.4166509989347,81.409746120104,0.000187793044691095,0.000374340152292898,0.0631495335478895,0.0835235582859708,0.0835235582859708,FALSE,0
3,3800,92.0531558416128,81.7016709359935,81.4452551217125,81.4384357923346,0.000179514489781969,0.000351330132434578,0.0620588120756835,0.0813962176566765,0.0813962176566765,FALSE,0
3,3900,92.0531558416128,81.715708622018,81.4721492387155,81.4654145226206,0.00017181638837515,0.000330210973773275,0.0610200981739439,0.0793832879265193,0.0793832879265193,FALSE,0
3,4000,92.0531558416128,81.7291632703692,81.4974717225572,81.4908206728214,0.000164651920396789,0.000310811535945808,0.0600304102842544,0.0774781174652738,0.0774781174652738,FALSE,0
3,4100,92.0531558416128,81.7420747046335,81.5213486110581,81.5147802727733,0.000157978299882449,0.000292977045744866,0.0590869290159827,0.0756744234907656,0.0756744234907656,FALSE,0
3,4200,92.0531558416128,81.7544795884284,81.5438947649617,81.5374081776984,0.000151756409899534,0.000276567479411723,0.0581869894773973,0.0739662725073824,0.0739662725073824,FALSE,0
3,4300,92.0531558416128,81.7664116932941,81.5652149141277,81.5588091141163,0.000145950471775689,0.000261456105664279,0.0573280739116516,0.0723480618451972,0.0723480618451972,FALSE,0
3,4400,92.0531558416128,81.7779021427744,81.585404602823,81.5790786248844,0.000140527745346869,0.000247528173824322,0.0565078046205733,0.0708145022324505,0.0708145022324505,FALSE,0
3,4500,92.0531558416128,81.7889796348791,81.6045510438214,81.5983039230741,0.000135458257236163,0.000234679733362061,0.0557239371617231,0.0693606013346136,0.0693606013346136,FALSE,0
3,4600,92.0531558416128,81.7996706449136,81.622733890134,81.6165646635014,0.000130714554481945,0.000222816571870461,0.0549743538063993,0.0679816481950629,0.0679816481950629,FALSE,0
3,4700,92.0531558416128,81.809999610477,81.6400259323983,81.6339336399342,0.000126271481069342,0.00021185325999414,0.0542570572481789,0.0666731985151427,0.0666731985151427,FALSE,0
3,4800,92.0531558416128,81.8199891002581,81.656493729176,81.6504774152296,0.000122105975171175,0.000201712292342934,0.0535701645531743,0.0654310607149257,0.0654310607149257,FALSE,0
3,4900,92.0531558416128,81.8296599681103,81.6721981767426,81.6662568909794,0.000118196885119886,0.000192323315015462,0.0529119013444936,0.0642512827199074,0.0642512827199074,FALSE,0
3,5000,92.0531558416128,81.8390314937411,81.6871950243118,81.6813278226064,0.000114524802308228,0.000183622430938012,0.0522805962144216,0.0631301394231635,0.0631301394231635,FALSE,0
3,5100,92.0531558416128,81.8481215112332,81.7015353400623,81.6957412852727,0.000111071909407675,0.000175551575081605,0.0516746753586472,0.0620641207768406,0.0620641207768406,FALSE,0
3,5200,92.0531558416128,81.8569465264956,81.715265932796,81.7095440954388,0.000107821842450053,0.000168057952357071,0.0510926574274093,0.0610499204712162,0.0610499204712162,FALSE,0
3,5300,92.0531558416128,81.8655218246424,81.7284297336071,81.7227791924355,0.000104759565445126,0.000161093532044345,0.0505331485888547,0.060084425163701,0.060084425163701,FALSE,0
3,5400,92.0531558416128,81.873861568203,81.7410661414793,81.735485983982,0.000101871256357343,0.000154614592662155,0.0499948378001121,0.0591647042241554,0.0591647042241554,FALSE,0
3,5500,92.0531558416128,81.8819788869846,81.7532113363611,81.7477006591863,9.91442033643646e-05,0.000148581312370705,0.0494764922817058,0.0582879999664949,0.0582879999664949,FALSE,0
3,5600,92.0531558416128,81.8898859603286,81.7648985629002,81.7594564722123,9.65667104226716e-05,0.000142957400058348,0.0489769531909421,0.0574517183398921,0.0574517183398921,FALSE,0
3,5700,92.0531558416128,81.8975940924386,81.7761583877067,81.7707839994861,9.41280112873885e-05,0.000137709763045071,0.0484951314898254,0.0566534200558175,0.0566534200558175,FALSE,0
3,5800,92.0531558416128,81.9051137813896,81.7870189327276,81.7817113730169,9.18181911732254e-05,0.000132808207612287,0.0480300040029532,0.055890812129742,0.055890812129742,FALSE,0
3,5900,92.0531558416128,81.9124547823758,81.7975060870535,81.7922644921564,8.96281153551269e-05,0.000128225169015404,0.0475806096606774,0.0551617398185299,0.0551617398185299,FALSE,0
3,6000,92.0531558416128,81.919626165702,81.8076436992501,81.8024672158887,8.754936407767e-05,0.000123935467981462,0.04714604592265,0.0544641789364565,0.0544641789364565,FALSE,0
3,6100,92.0531558416128,81.9266363699771,81.8174537520879,81.8123415375245,8.55741731646889e-05,0.000119916090894887,0.0467254653767004,0.0537962285343211,0.0537962285343211,FALSE,0
3,6200,92.0531558416128,81.9334932509259,81.8269565213757,81.8219077434982,8.36953798252278e-05,0.000116145991497818,0.0463180725078171,0.0531561039274118,0.0531561039274118,FALSE,0
3,6300,92.0531558416128,81.9402041261995,81.8361707204061,81.8311845577875,8.19063731737618e-05,0.000112605911573932,0.0459231206318546,0.0525421300591342,0.0525421300591342,FALSE,0
3,6400,92.0531558416128,81.9467758165284,81.8451136313969,81.8401892733268,8.02010490329744e-05,0.000109278219056799,0.0455399089884562,0.0519527351878951,0.0519527351878951,FALSE,0
3,6500,92.0531558416128,81.9532146835319,81.8538012251596,81.8489378716519,7.85737686359188e-05,0.000106146761574886,0.0451677799875719,0.0513864448854962,0.0513864448854962,FALSE,0
3,6600,92.0531558416128,81.9595266644691,81.8622482701046,81.8574451318873,7.7019320859916e-05,0.00010319673391545,0.0448061166038709,0.0508418763357764,0.0508418763357764,FALSE,0
3,6700,92.0531558416128,81.9657173041928,81.8704684315915,81.8657247300766,7.55328877026826e-05,0.000100414558122021,0.044454339913305,0.0503177329225986,0.0503177329225986,FALSE,0
3,6800,92.0531558416128,81.9717917845414,81.8784743625274,81.8737893297656,7.41100126781512e-05,9.77877748747671e-05,0.0441119067660431,0.0498127990965747,0.0498127990965747,TRUE,1
3,6900,92.0531558416128,81.9777549513857,81.8862777860256,81.8816506646459,7.27465718933625e-05,9.53049450291156e-05,0.0437783075900214,0.0493259355101285,0.0493259355101285,TRUE,2
3,7000,92.0531558416128,81.9836113395272,81.8938895708634,81.8893196140025,7.14387475595056e-05,9.29555603653722e-05,0.0434530643193802,0.0488560744106645,0.0488560744106645,TRUE,3
4,1,77.8365416322614,69.3637195898874,64.1158889015873,64.1090129425975,NA,NA,0.258087706611452,0.413955238352971,0.413955238352971,FALSE,0
4,100,77.8365416322614,69.4679183526516,64.3912861567994,64.3842841184694,0.00150220840779963,0.00429530432986427,0.254689735673231,0.406027401765358,0.406027401765358,FALSE,0
4,200,77.8365416322614,69.5698494022077,64.660349852554,64.653220502097,0.00146731112682394,0.00417857309294014,0.251360428446748,0.398223998349046,0.398223998349046,FALSE,0
4,300,77.8365416322614,69.6685748667649,64.9204583703572,64.9132017595533,0.00141908406307445,0.00402268961421253,0.248131683344317,0.390624075624075,0.390624075624075,FALSE,0
4,400,77.8365416322614,69.764221871359,65.1718263491703,65.1644425385296,0.00137288590698318,0.00387193783166262,0.245000589212215,0.383225329055874,0.383225329055874,FALSE,0
4,500,77.8365416322614,69.85691295995,65.4146749554411,65.4071640122009,0.00132863359046437,0.00372628204355872,0.241964278384305,0.376025238289556,0.376025238289556,FALSE,0
4,600,77.8365416322614,69.9467661760764,65.6492305048384,65.6415925011038,0.00128624659062732,0.00358567170985762,0.239019929063771,0.369021088967787,0.369021088967787,FALSE,0
4,700,77.8365416322614,70.0338951522372,65.8757231761607,65.8679581871869,0.00124564695301891,0.00345004304819163,0.236164767443452,0.362209993268763,0.362209993268763,FALSE,0
4,800,77.8365416322614,70.1184092065727,66.0943858186458,66.0864939212592,0.00120675930064701,0.00331932056215017,0.233396069578954,0.355588909206409,0.355588909206409,FALSE,0
4,900,77.8365416322614,70.2004134455562,66.30545285274,66.2974341238959,0.00116951083048509,0.00319341849507887,0.230711163027971,0.349154658738455,0.349154658738455,FALSE,0
4,1000,77.8365416322614,70.280008871521,66.5091592633633,66.5010137788358,0.00113383129896539,0.00307224220420865,0.228107428268624,0.342903944730771,0.342903944730771,FALSE,0
4,1100,77.8365416322614,70.3572924939685,66.705739683854,66.6974675170536,0.00109965299789233,0.00295568945191785,0.225582299909013,0.336833366827906,0.336833366827906,FALSE,0
4,1200,77.8365416322614,70.4323574437078,66.8954275680306,66.887028788944,0.00106691072209292,0.00284365161192406,0.223133267699657,0.330939436280756,0.330939436280756,FALSE,0
4,1300,77.8365416322614,70.5052930889792,67.0784544472237,67.06992912147,0.00103554172994595,0.00273601478975509,0.220757877360013,0.325218589782513,0.325218589782513,FALSE,0
4,1400,77.8365416322614,70.5761851528071,67.2550492686461,67.2463974566457,0.00100548569790927,0.00263266085776316,0.218453731229816,0.319667202363725,0.319667202363725,FALSE,0
4,1500,77.8365416322614,70.6451158309112,67.4254378111148,67.4166595673623,0.000976684669976455,0.00253346840603757,0.216218488755616,0.314281599396385,0.314281599396385,FALSE,0
4,1600,77.8365416322614,70.7121639095904,67.5898421738649,67.5809375463014,0.00094908300298698,0.00243831361111421,0.214049866822456,0.309058067755883,0.309058067755883,FALSE,0
4,1700,77.8365416322614,70.7774048830583,67.7484803340263,67.7394493635044,0.000922627308525946,0.00234707102515896,0.211945639940376,0.303992866188041,0.303992866188041,FALSE,0
4,1800,77.8365416322614,70.8409110697852,67.9015657682394,67.8924084880758,0.000897266392173521,0.00225961428888669,0.209903640295049,0.299082234926676,0.299082234926676,FALSE,0
4,1900,77.8365416322614,70.9027517274539,68.0493071338532,68.040023569461,0.000872951190700773,0.00217581677156177,0.207921757671588,0.294322404605182,0.294322404605182,FALSE,0
4,2000,77.8365416322614,70.9629931661989,68.191908005181,68.1824981737783,0.000849634707783417,0.0020955521420264,0.205997939260255,0.289709604503548,0.289709604503548,FALSE,0
4,2100,77.8365416322614,71.0216988598433,68.3295666603704,68.3200305707567,0.00082727194873238,0.00201869487474876,0.204130189352559,0.285240070170005,0.285240070170005,FALSE,0
4,2200,77.8365416322614,71.0789295548979,68.4624759145583,68.4528135669537,0.00080581985468309,0.00194512069494789,0.202316568935916,0.280910050454317,0.280910050454317,FALSE,0
4,2300,77.8365416322614,71.1347433771227,68.5908229951269,68.5810343810717,0.000785237236607892,0.00187470696690458,0.200555195194815,0.276715813987578,0.276715813987578,FALSE,0
4,2400,77.8365416322614,71.1891959354931,68.7147894550677,68.7048745573724,0.000765484709515145,0.00180733302980877,0.198844240926152,0.272653655141056,0.272653655141056,FALSE,0
4,2500,77.8365416322614,71.2423404234424,68.8345511206298,68.8245099133756,0.000746524627100252,0.00174288048485346,0.197181933876135,0.268719899494704,0.268719899494704,FALSE,0
4,2600,77.8365416322614,71.2942277172809,68.9502780696648,68.9401105182438,0.000728321017109884,0.00168123343801825,0.195566556005878,0.26491090884375,0.26491090884375,FALSE,0
4,2700,77.8365416322614,71.3449064717214,69.0621346372603,69.0518406984591,0.00071083951763179,0.00162227870179862,0.193996442692574,0.261223085770033,0.261223085770033,FALSE,0
4,2800,77.8365416322614,71.3944232124603,69.1702794455085,69.1598590676224,0.000694047314485581,0.00156590596013679,0.192469981872809,0.257652877802749,0.257652877802749,FALSE,0
4,2900,77.8365416322614,71.4428224257863,69.2748654544466,69.2643185774286,0.000677913079876095,0.00151200789958442,0.190985613134368,0.254196781191767,0.254196781191767,FALSE,0
4,3000,77.8365416322614,71.490146645204,69.3760400314463,69.3653665870796,0.000662406912421148,0.00146048031036902,0.189541826762541,0.250851344314933,0.250851344314933,FALSE,0
4,3100,77.8365416322614,71.536436535078,69.4739450365238,69.4631449486199,0.000647500278657457,0.00141122216017376,0.188137162746723,0.247613170739556,0.247613170739556,FALSE,0
4,3200,77.8365416322614,71.581730971314,69.5687169212584,69.5577901058767,0.00063316595611758,0.00136413564372642,0.186770209752757,0.244478921956787,0.244478921956787,FALSE,0
4,3300,77.8365416322614,71.6260671191063,69.6604868392122,69.6494332048964,0.000619377978020932,0.00131912621096259,0.185439604066251,0.241445319806507,0.241445319806507,FALSE,0
4,3400,77.8365416322614,71.6694805077908,69.7493807659185,69.7382002139473,0.000606111579633732,0.00127610257607651,0.18414402851176,0.238509148609348,0.238509148609348,FALSE,0
4,3500,77.8365416322614,71.7120051028513,69.8355196266955,69.8242120513484,0.000593343146332963,0.00123497670991576,0.182882211352485,0.235667257021457,0.235667257021457,FALSE,0
4,3600,77.8365416322614,71.7536733751325,69.9190194307205,69.9075847195518,0.000581050163378733,0.00119566381794536,0.181652925174842,0.232916559626799,0.232916559626799,FALSE,0
4,3700,77.8365416322614,71.794516367321,69.9999914099391,69.9884294440609,0.000569211167419767,0.00115808230547124,0.180454985761979,0.230254038281168,0.230254038281168,FALSE,0
4,3800,77.8365416322614,71.8345637577587,70.0785421615519,70.066852815924,0.000557805699709896,0.00112215373217377,0.179287250960058,0.227676743221301,0.227676743221301,FALSE,0
4,3900,77.8365416322614,71.8738439216573,70.1547737929501,70.1429569366746,0.0005468142610443,0.00108780275740438,0.178148619540843,0.225181793952067,0.225181793952067,FALSE,0
4,4000,77.8365416322614,71.9123839897872,70.2287840681078,70.2168395647262,0.000536218268385832,0.00105495707784727,0.177038030063868,0.2227663799241,0.2227663799241,FALSE,0
4,4100,77.8365416322614,71.9502099047119,70.3006665545404,70.2885942623337,0.000526000013155443,0.00102354735862825,0.175954459741226,0.220427761013961,0.220427761013961,FALSE,0
4,4200,77.8365416322614,71.9873464746463,70.3705107700761,70.3583105423633,0.000516142621176511,0.000993507159445262,0.174896923307742,0.218163267818351,0.218163267818351,FALSE,0
4,4300,77.8365416322614,72.0238174250136,70.4384023287485,70.4260740141884,0.000506630014208586,0.000964772856264771,0.17386447189909,0.215970301773796,0.215970301773796,FALSE,0
4,4400,77.8365416322614,72.0596454477783,70.5044230852539,70.4919665281411,0.000497446873070927,0.000937283560141875,0.172856191940151,0.213846335112625,0.213846335112625,FALSE,0
4,4500,77.8365416322614,72.0948522486323,70.5686512774552,70.5560663180165,0.000488578602285578,0.000910981033396682,0.171871204045703,0.211788910666083,0.211788910666083,FALSE,0
4,4600,77.8365416322614,72.1294585921109,70.6311616665223,70.6184481412087,0.000480011296218448,0.00088580960434378,0.17090866193533,0.209795641524898,0.209795641524898,FALSE,0
4,4700,77.8365416322614,72.1634843447133,70.6920256743482,70.6791834161239,0.000471731706664148,0.000861716080973745,0.169967751364221,0.207864210567518,0.207864210567518,FALSE,0
4,4800,77.8365416322614,72.1969485161049,70.7513115179475,70.7383403565728,0.000463727211836371,0.00083864966428289,0.169047689071344,0.205992369865883,0.205992369865883,FALSE,0
4,4900,77.8365416322614,72.2298692984728,70.8090843405944,70.7959841029058,0.000455985786719751,0.000816561861644457,0.168147721746292,0.204177939978404,0.204177939978404,FALSE,0
4,5000,77.8365416322614,72.2622641041083,70.8654063395118,70.8521768496948,0.000448495974728144,0.00079540640077379,0.16726712501596,0.202418809139483,0.202418809139483,FALSE,0
4,5100,77.8365416322614,72.2941496012867,70.9203368899574,70.9069779698143,0.000441246860636873,0.000775139144512608,0.16640520245199,0.200712932354722,0.200712932354722,FALSE,0
4,5200,77.8365416322614,72.3255417485137,70.9739326655989,70.9604441348109,0.000434228044732322,0.000755718006877626,0.165561284599831,0.199058330410593,0.199058330410593,FALSE,0
4,5300,77.8365416322614,72.3564558272051,71.0262477550997,71.0126294314813,0.000427429618141811,0.000737102870531514,0.164734728030091,0.197453088807126,0.197453088807126,FALSE,0
4,5400,77.8365416322614,72.386906472867,71.0773337748667,71.0635854746149,0.000420842139291704,0.000719255505980611,0.163924914412722,0.195895356621835,0.195895356621835,FALSE,0
4,5500,77.8365416322614,72.4169077048373,71.1272399779404,71.1133615158758,0.000414456611453103,0.000702139492624125,0.163131249614479,0.194383345312756,0.194383345312756,FALSE,0
4,5600,77.8365416322614,72.446472954653,71.1760133590222,71.1620045488249,0.000408264461334404,0.000685720141775096,0.16235316281997,0.192915327468247,0.192915327468247,FALSE,0
4,5700,77.8365416322614,72.4756150931002,71.2236987556648,71.2095594101014,0.000402257518671315,0.000669964421891122,0.161590105676501,0.191489635510718,0.191489635510718,FALSE,0
4,5800,77.8365416322614,72.5043464560072,71.2703389456583,71.2560688768035,0.000396427996783698,0.000654840885946801,0.160841551462855,0.190104660361264,0.190104660361264,FALSE,0
4,5900,77.8365416322614,72.532678868833,71.3159747406638,71.3015737601141,0.000390768474038154,0.00064031960112154,0.160106994282028,0.188758850071728,0.188758850071728,FALSE,0
4,6000,77.8365416322614,72.5606236701072,71.3606450761568,71.3461129952364,0.000385271876208594,0.000626372080805484,0.159385948277884,0.18745070843039,0.18745070843039,FALSE,0
4,6100,77.8365416322614,72.5881917337725,71.4043870977512,71.3897237277131,0.000379931459666553,0.000612971218908061,0.15867794687561,0.186178793547178,0.186178793547178,FALSE,0
4,6200,77.8365416322614,72.6153934904777,71.4472362439874,71.4324413962051,0.000374740795375678,0.000600091226573346,0.157982542045814,0.184941716423828,0.184941716423828,FALSE,0
4,6300,77.8365416322614,72.6422389478712,71.4892263256701,71.4742998118242,0.000369693753667265,0.000587707571211081,0.15729930359201,0.183738139514192,0.183738139514192,FALSE,0
4,6400,77.8365416322614,72.6687377099392,71.5303896018502,71.5153312341065,0.00036478448973807,0.000575796917882347,0.156627818461218,0.182566775279429,0.182566775279429,FALSE,0
4,6500,77.8365416322614,72.6948989954328,71.5707568525431,71.5555664437254,0.000360007429852185,0.00056433707292224,0.155967690077357,0.181426384742551,0.181426384742551,FALSE,0
4,6600,77.8365416322614,72.7207316554263,71.6103574482886,71.5950348120438,0.000355357258218633,0.000553306929911341,0.155318537697058,0.180315776046394,0.180315776046394,FALSE,0
4,6700,77.8365416322614,72.7462441900474,71.6492194166501,71.6337643676075,0.000350828904500625,0.000542686417806762,0.154679995787495,0.179233803018786,0.179233803018786,FALSE,0
4,6800,77.8365416322614,72.7714447644173,71.6873695057585,71.6717818596824,0.000346417531934479,0.000532456451292339,0.154051713425817,0.178179363748337,0.178179363748337,FALSE,0
4,6900,77.8365416322614,72.7963412238373,71.7248332450016,71.7091128189369,0.000342118526032178,0.000522598883197753,0.153433353719716,0.177151399173978,0.177151399173978,FALSE,0
4,7000,77.8365416322614,72.8209411082593,71.761635002967,71.7457816153792,0.000337927483832958,0.000513096459070337,0.152824593248659,0.176148891691059,0.176148891691059,FALSE,0
4,7100,77.8365416322614,72.8452516660714,71.7977980427333,71.7818115136433,0.000333840203684218,0.000503932773616409,0.15222512152531,0.175170863776541,0.175170863776541,FALSE,0
4,7200,77.8365416322614,72.8692798672324,71.8333445746185,71.81722472573,0.000329852675520283,0.000495092229207208,0.151634640476612,0.174216376635513,0.174216376635513,FALSE,0
4,7300,77.8365416322614,72.8930324157864,71.8682958064848,71.8520424613068,0.000325961071623918,0.000486559996242744,0.151052863944035,0.173284528871023,0.173284528871023,FALSE,0
4,7400,77.8365416322614,72.9165157617857,71.9026719916939,71.8862849756565,0.000322161737838014,0.00047832197526416,0.150479517202467,0.172374455178964,0.172374455178964,FALSE,0
4,7500,77.8365416322614,72.9397361126515,71.9364924748104,71.9199716153778,0.000318451185210633,0.000470364760860043,0.149914336497216,0.171485325069507,0.171485325069507,FALSE,0
4,7600,77.8365416322614,72.9626994439978,71.9697757351541,71.9531208619293,0.000314826082053286,0.000462675607312421,0.149357068598595,0.170616341616323,0.170616341616323,FALSE,0
4,7700,77.8365416322614,72.9854115099461,72.0025394282813,71.9857503731061,0.000311283246389505,0.000455242395748663,0.148807470373572,0.169766740234713,0.169766740234713,FALSE,0
4,7800,77.8365416322614,73.0078778529528,72.0348004254928,72.0178770225456,0.000307819638773692,0.000448053602937948,0.14826530837395,0.16893578748948,0.16893578748948,FALSE,0
4,7900,77.8365416322614,73.0301038131753,72.0665748514541,72.0495169373386,0.000304432355467484,0.000441098271580295,0.147730358440547,0.16812277993323,0.16812277993323,FALSE,0
4,8000,77.8365416322614,73.0520945373965,72.0978781200061,72.0806855338381,0.000301118621952071,0.000434365981962259,0.14720240532288,0.167327042975657,0.167327042975657,FALSE,0
4,8100,77.8365416322614,73.0738549875311,72.1287249682536,72.1113975517429,0.000297875786756293,0.000427846825063752,0.146681242313813,0.166547929784158,0.166547929784158,FALSE,0
4,8200,77.8365416322614,73.0953899487315,72.1591294890063,72.1416670865331,0.000294701315595674,0.000421531376938646,0.146166670898683,0.165784820216013,0.165784820216013,FALSE,0
4,8300,77.8365416322614,73.1167040371154,72.1891051616476,72.1715076203356,0.000291592785794152,0.0004154106743471,0.145658500418397,0.165037119782248,0.165037119782248,FALSE,0
4,8400,77.8365416322614,73.13780170713,72.2186648815053,72.2009320512895,0.000288547880986492,0.000409476191614028,0.14515654774602,0.16430425864315,0.16430425864315,FALSE,0
4,8500,77.8365416322614,73.1586872585734,72.2478209877904,72.2299527214828,0.000285564386075182,0.000403719818595708,0.14466063697636,0.163585690635333,0.163585690635333,FALSE,0
4,8600,77.8365416322614,73.1793648432874,72.2765852901789,72.2585814435277,0.000282640182441794,0.000398133839819191,0.144170599128101,0.162880892330116,0.162880892330116,FALSE,0
4,8700,77.8365416322614,73.1998384715388,72.3049690940891,72.2868295258362,0.000279773243389566,0.00039271091455438,0.143686271858013,0.162189362122961,0.162189362122961,FALSE,0
4,8800,77.8365416322614,73.2201120181038,72.3329832247255,72.3147077966596,0.000276961629811973,0.0003874440579593,0.143207499186792,0.161510619353566,0.161510619353566,FALSE,0
4,8900,77.8365416322614,73.24018922807,72.3606380499461,72.3422266269522,0.000274203486075701,0.000382326623177319,0.142734131236107,0.16084420345617,0.16084420345617,FALSE,0
4,9000,77.8365416322614,73.2600737223689,72.3879435020079,72.3693959521128,0.000271497036100354,0.000377352284303168,0.142266023976415,0.160189673139616,0.160189673139616,FALSE,0
4,9100,77.8365416322614,73.2797690030525,72.4149090982422,72.3962252926585,0.000268840579634756,0.000372515020178345,0.141803038985147,0.159546605596593,0.159546605596593,FALSE,0
4,9200,77.8365416322614,73.2992784583267,72.4415439607206,72.4227237738855,0.000266232488715437,0.000367809099121093,0.141345043214855,0.158914595741487,0.158914595741487,FALSE,0
4,9300,77.8365416322614,73.3186053673519,72.4678568349502,72.4489001445633,0.000263671204296834,0.000363229064304581,0.140891908770935,0.158293255476212,0.158293255476212,FALSE,0
4,9400,77.8365416322614,73.3377529048233,72.4938561076544,72.4747627947094,0.00026115523304727,0.000358769719979022,0.14044351269856,0.157682212983374,0.157682212983374,FALSE,0
4,9500,77.8365416322614,73.3567241453403,72.5195498236749,72.5003197724915,0.00025868314429594,0.000354426118294969,0.139999736778441,0.157081112046095,0.157081112046095,FALSE,0
4,9600,77.8365416322614,73.3755220675764,72.5449457020472,72.5255788002998,0.000256253567142116,0.000350193546900481,0.139560467331084,0.156489611393802,0.156489611393802,FALSE,0
4,9700,77.8365416322614,73.3941495582578,72.5700511512846,72.5505472900265,0.000253865187688083,0.000346067517101919,0.139125595029192,0.155907384073259,0.155907384073259,FALSE,0
4,9800,77.8365416322614,73.4126094159606,72.5948732839125,72.5752323575995,0.000251516746415846,0.000342043752678764,0.138695014717884,0.155334116844141,0.155334116844141,FALSE,0
4,9900,77.8365416322614,73.4309043547358,72.6194189302868,72.599640836797,0.000249207035694977,0.000338118179204267,0.138268625242421,0.154769509598414,0.154769509598414,FALSE,0
4,10000,77.8365416322614,73.4490370075685,72.6436946517365,72.6237792923893,0.000246934897398545,0.000334286913985902,0.137846329283126,0.154213274802802,0.154213274802802,FALSE,0
4,10100,77.8365416322614,73.4670099296815,72.6677067530604,72.6476540326308,0.00024469922064632,0.000330546256477996,0.13742803319721,0.153665136963589,0.153665136963589,FALSE,0
4,10200,77.8365416322614,73.4848256016887,72.6914612944124,72.6712711211458,0.000242498939649982,0.000326892679202637,0.137013646867215,0.153124832113078,0.153124832113078,FALSE,0
4,10300,77.8365416322614,73.502486432607,72.7149641026042,72.6946363882268,0.000240333031665243,0.000323322819121808,0.136603083555804,0.152592107316917,0.152592107316917,FALSE,0
4,10400,77.8365416322614,73.5199947627319,72.7382207818543,72.7177554415835,0.000238200515039626,0.00031983346945294,0.136196259766635,0.152066720201664,0.152066720201664,FALSE,0
4,10500,77.8365416322614,73.5373528663852,72.7612367240136,72.7406336765647,0.000236100447358747,0.000316421571932413,0.135793095111063,0.151548438501798,0.151548438501798,FALSE,0
4,10600,77.8365416322614,73.5545629545384,72.784017118291,72.7632762858832,0.00023403192367428,0.000313084209436333,0.135393512180434,0.15103703962557,0.15103703962557,FALSE,0
4,10700,77.8365416322614,73.57162717732,72.8065669605046,72.7856882688645,0.000231994074822136,0.000309818599005659,0.134997436423729,0.150532310238938,0.150532310238938,FALSE,0
4,10800,77.8365416322614,73.5885476264106,72.828891061884,72.8078744402474,0.000229986065821794,0.000306622085223923,0.134604796030337,0.150034045866974,0.150034045866974,FALSE,0
4,10900,77.8365416322614,73.605326337332,72.8509940574416,72.8298394385543,0.000228007094344108,0.000303492133895931,0.134215521817746,0.14954205051207,0.14954205051207,FALSE,0
4,11000,77.8365416322614,73.6219652916342,72.8728804139416,72.851587734058,0.000226056389262353,0.000300426326135813,0.133829547123932,0.149056136288289,0.149056136288289,FALSE,0
4,11100,77.8365416322614,73.6384664189871,72.8945544374805,72.8731236363609,0.000224133209260538,0.000297422352673865,0.133446807704267,0.148576123071276,0.148576123071276,FALSE,0
4,11200,77.8365416322614,73.6548315991785,72.9160202807008,72.8944513016071,0.000222236841520533,0.000294478008487412,0.133067241632735,0.148101838163092,0.148101838163092,FALSE,0
4,11300,77.8365416322614,73.6710626640254,72.9372819496579,72.9155747393476,0.000220366600458623,0.000291591187714924,0.132690789207287,0.147633115971398,0.147633115971398,FALSE,0
4,11400,77.8365416322614,73.687161399201,72.9583433103532,72.936497819073,0.000218521826527833,0.000288759878793926,0.132317392859155,0.147169797702428,0.147169797702428,FALSE,0
4,11500,77.8365416322614,73.7031295459824,72.9792080949561,72.9572242764333,0.000216701885080231,0.000285982159903532,0.131946997065954,0.146711731067159,0.146711731067159,FALSE,0
4,11600,77.8365416322614,73.7189688029216,72.9998799077252,72.9777577191586,0.000214906165270851,0.000283256194588983,0.131579548268418,0.146258770000195,0.146258770000195,FALSE,0
4,11700,77.8365416322614,73.7346808274441,73.0203622306466,72.9981016326946,0.000213134079025999,0.000280580227628563,0.131214994790607,0.145810774390793,0.145810774390793,FALSE,0
4,11800,77.8365416322614,73.7502672373785,73.0406584288016,73.0182593855716,0.000211385060048573,0.000277952581102553,0.130853286763449,0.145367609825577,0.145367609825577,FALSE,0
4,11900,77.8365416322614,73.7657296124196,73.0607717554786,73.0382342345132,0.000209658562882012,0.00027537165066179,0.130494376051456,0.144929147342419,0.144929147342419,FALSE,0
4,12000,77.8365416322614,73.781069495529,73.0807053570424,73.0580293293061,0.000207954062001475,0.000272835902014262,0.130138216182501,0.14449526319503,0.14449526319503,FALSE,0
4,12100,77.8365416322614,73.796288394275,73.1004622775708,73.0776477174347,0.000206271050961799,0.000270343867535967,0.129784762280513,0.144065838627822,0.144065838627822,FALSE,0
4,12200,77.8365416322614,73.8113877821153,73.1200454632731,73.097092348498,0.000204609041577025,0.00026789414310307,0.129433971000961,0.143640759660587,0.143640759660587,FALSE,0
4,12300,77.8365416322614,73.8263690996255,73.1394577666958,73.1163660784173,0.000202967563140998,0.000265485385021772,0.129085800469024,0.143219916882601,0.143219916882601,FALSE,0
4,12400,77.8365416322614,73.8412337556745,73.1587019507364,73.1354716734454,0.00020134616168141,0.000263116307233262,0.128740210220317,0.142803205255699,0.142803205255699,FALSE,0
4,12500,77.8365416322614,73.8559831285508,73.1777806924604,73.154411813986,0.000199744399247731,0.000260785678467773,0.128397161144071,0.142390523926017,0.142390523926017,FALSE,0
4,12600,77.8365416322614,73.87061856704,73.1966965867463,73.1731890982349,0.000198161853235053,0.000258492319757653,0.128056615428669,0.141981776043925,0.141981776043925,FALSE,0
4,12700,77.8365416322614,73.8851413914586,73.2154521497544,73.1918060456508,0.000196598115736602,0.000256235101891723,0.12771853650942,0.141576868591895,0.141576868591895,FALSE,0
4,12800,77.8365416322614,73.8995528946427,73.2340498222353,73.2102651002617,0.000195052792925599,0.000254012943100117,0.127382889018495,0.141175712219888,0.141175712219888,FALSE,0
4,12900,77.8365416322614,73.9138543428961,73.2524919726868,73.228568633821,0.000193525504460988,0.000251824806851267,0.127049638736923,0.140778221087955,0.140778221087955,FALSE,0
4,13000,77.8365416322614,73.9280469768989,73.27078090036,73.2467189488133,0.000192015882934836,0.000249669699701748,0.12671875254856,0.140384312715751,0.140384312715751,FALSE,0
4,13100,77.8365416322614,73.9421320125776,73.2889188381274,73.2647182813221,0.000190523573321306,0.000247546669279499,0.126390198395945,0.139993907838636,0.139993907838636,FALSE,0
4,13200,77.8365416322614,73.9561106419399,73.3069079552201,73.2825688037663,0.000189048232473486,0.000245454802416604,0.126063945237979,0.139606930270082,0.139606930270082,FALSE,0
4,13300,77.8365416322614,73.9699840338743,73.324750359836,73.3002726275076,0.000187589528627998,0.000243393223280304,0.125739963009323,0.139223306770106,0.139223306770106,FALSE,0
4,13400,77.8365416322614,73.9837533349172,73.342448101631,73.3178318053406,0.00018614714093423,0.000241361091692154,0.125418222581467,0.138842966919469,0.138842966919469,FALSE,0
4,13500,77.8365416322614,73.997419669988,73.3600031740914,73.3352483338672,0.000184720759014678,0.000239357601427856,0.125098695725385,0.138465842999376,0.138465842999376,FALSE,0
4,13600,77.8365416322614,74.0109841430945,73.3774175168059,73.3525241557641,0.000183310082528068,0.000237381978748859,0.124781355075713,0.138091869876431,0.138091869876431,FALSE,0
4,13700,77.8365416322614,74.0244478380096,73.3946930176219,73.3696611619425,0.000181914820764995,0.000235433480771597,0.12446617409639,0.137720984892642,0.137720984892642,FALSE,0
4,13800,77.8365416322614,74.0378118189196,73.4118315147172,73.3866611936171,0.00018053469225815,0.000233511394225573,0.124153127047694,0.137353127760194,0.137353127760194,FALSE,0
4,13900,77.8365416322614,74.0510771310475,73.4288347985652,73.4035260442724,0.000179169424405935,0.000231615033941241,0.123842188954617,0.136988240460855,0.136988240460855,FALSE,0
4,14000,77.8365416322614,74.0642448012499,73.4457046138225,73.4202574615481,0.000177818753117864,0.000229743741727442,0.123533335576526,0.136626267149717,0.136626267149717,FALSE,0
4,14100,77.8365416322614,74.077315838591,73.4624426611225,73.4368571490341,0.000176482422471536,0.000227896885025334,0.123226543378048,0.136267154063178,0.136267154063178,FALSE,0
4,14200,77.8365416322614,74.0902912348922,73.4790505987922,73.4533267679863,0.000175160184386874,0.000226073855810938,0.122921789501142,0.13591084943089,0.13591084943089,FALSE,0
4,14300,77.8365416322614,74.1031719652609,73.4955300444927,73.4696679389671,0.000173851798313591,0.000224274069497017,0.122619051738289,0.135557303391551,0.135557303391551,FALSE,0
4,14400,77.8365416322614,74.1159589885982,73.5118825767866,73.4858822434104,0.000172557030935456,0.000222496963882724,0.122318308506774,0.135206467912334,0.135206467912334,FALSE,0
4,14500,77.8365416322614,74.128653248085,73.5281097366291,73.5019712251171,0.000171275655879256,0.000220741998078542,0.122019538823997,0.134858296711831,0.134858296711831,FALSE,0
4,14600,77.8365416322614,74.1412556716512,73.5442130288047,73.5179363916866,0.00017000745344626,0.000219008651702176,0.121722722283783,0.134512745186304,0.134512745186304,FALSE,0
4,14700,77.8365416322614,74.1537671724238,73.5601939232895,73.5337792158816,0.000168752210349258,0.000217296423833554,0.121427839033644,0.134169770339145,0.134169770339145,FALSE,0
4,14800,77.8365416322614,74.1661886491599,73.5760538565572,73.5495011369339,0.000167509719461876,0.000215604832202584,0.121134869752951,0.133829330713369,0.133829330713369,FALSE,0
4,14900,77.8365416322614,74.1785209866608,73.5917942328307,73.5651035617941,0.000166279779580114,0.000213933412414318,0.120843795631989,0.133491386327014,0.133491386327014,FALSE,0
4,15000,77.8365416322614,74.190765056171,73.6074164252722,73.580587866324,0.000165062195192466,0.000212281717063655,0.120554598351843,0.133155898611329,0.133155898611329,FALSE,0
4,15100,77.8365416322614,74.2029217157614,73.6229217771277,73.5959553964387,0.000163856776261437,0.000210649315089939,0.120267260065095,0.13282283035161,0.13282283035161,FALSE,0
4,15200,77.8365416322614,74.214991810698,73.6383116028174,73.6112074691986,0.000162663338012054,0.000209035791003253,0.119981763377293,0.132492145630576,0.132492145630576,FALSE,0
4,15300,77.8365416322614,74.2269761737955,73.6535871889808,73.6263453738524,0.000161481700733458,0.00020744074423908,0.119698091329156,0.132163809774165,0.132163809774165,FALSE,0
4,15400,77.8365416322614,74.2388756257585,73.6687497954745,73.6413703728368,0.000160311689582838,0.000205863788477412,0.119416227379499,0.131837789299658,0.131837789299658,FALSE,0
4,15500,77.8365416322614,74.250690975509,73.6838006563284,73.6562837027324,0.00015915313440413,0.000204304551058091,0.119136155388825,0.13151405186601,0.13151405186601,FALSE,0
4,15600,77.8365416322614,74.2624230205014,73.6987409806615,73.6710865751773,0.000158005869550929,0.0002027626723915,0.118857859603588,0.131192566226293,0.131192566226293,FALSE,0
4,15700,77.8365416322614,74.2740725470255,73.7135719535564,73.6857801777441,0.000156869733713597,0.000201237805389631,0.118581324641066,0.130873302182172,0.130873302182172,FALSE,0
4,15800,77.8365416322614,74.285640330499,73.7282947368963,73.7003656747757,0.000155744569764521,0.000199729614909747,0.118306535474852,0.130556230540311,0.130556230540311,FALSE,0
4,15900,77.8365416322614,74.2971271357474,73.7429104701685,73.7148442081886,0.000154630224593942,0.000198237777291725,0.118033477420909,0.130241323070624,0.130241323070624,FALSE,0
4,16000,77.8365416322614,74.308533717275,73.7574202712316,73.7292168982407,0.000153526548970403,0.000196761979838778,0.117762136124189,0.129928552466295,0.129928552466295,FALSE,0
4,16100,77.8365416322614,74.3198608195245,73.7718252370514,73.7434848442664,0.000152433397389064,0.000195301920359332,0.117492497545777,0.129617892305493,0.129617892305493,FALSE,0
4,16200,77.8365416322614,74.3311091771281,73.7861264444043,73.7576491253815,0.000151350627941731,0.000193857306729276,0.117224547950552,0.129309317014695,0.129309317014695,FALSE,0
4,16300,77.8365416322614,74.3422795151484,73.800324950554,73.7717108011572,0.000150278102183907,0.00019242785648032,0.116958273895334,0.129002801833555,0.129002801833555,FALSE,0
4,16400,77.8365416322614,74.3533725493113,73.8144217938948,73.785670912267,0.000149215685007267,0.000191013296353523,0.1166936622175,0.128698322781259,0.128698322781259,FALSE,0
4,16500,77.8365416322614,74.3643889862292,73.8284179945746,73.7995304811056,0.00014816324452042,0.00018961336199188,0.116430700024061,0.128395856624276,0.128395856624276,FALSE,0
4,16600,77.8365416322614,74.3753295236177,73.8423145550841,73.8132905123824,0.000147120651935836,0.000188227797465673,0.116169374681158,0.128095380845483,0.128095380845483,FALSE,0
4,16700,77.8365416322614,74.3861948505029,73.8561124608297,73.8269519936914,0.000146087781455844,0.000186856355041883,0.11590967380399,0.12779687361456,0.12779687361456,FALSE,0
4,16800,77.8365416322614,74.3969856474219,73.8698126806757,73.8405158960544,0.000145064510165746,0.000185498794744923,0.115651585247132,0.127500313759637,0.127500313759637,FALSE,0
4,16900,77.8365416322614,74.4077025866168,73.8834161674686,73.8539831744461,0.000144050717936681,0.000184154884102571,0.115395097095243,0.127205680740124,0.127205680740124,FALSE,0
4,17000,77.8365416322614,74.41834633222,73.896923858538,73.8673547682933,0.000143046287323344,0.000182824397814851,0.115140197654137,0.126912954620658,0.126912954620658,FALSE,0
4,17100,77.8365416322614,74.428917540435,73.9103366761766,73.8806316019574,0.000142051103471063,0.000181507117458836,0.114886875442213,0.126622116046157,0.126622116046157,FALSE,0
4,17200,77.8365416322614,74.4394168597092,73.923655528102,73.893814585194,0.000141065054029175,0.000180202831219112,0.11463511918223,0.12633314621789,0.12633314621789,FALSE,0
4,17300,77.8365416322614,74.4498449309013,73.9368813078989,73.9069046135962,0.000140088029057504,0.000178911333624434,0.114384917793398,0.126046026870553,0.126046026870553,FALSE,0
4,17400,77.8365416322614,74.460202387443,73.9500148954427,73.9199025690193,0.00013911992095306,0.000177632425272863,0.114136260383792,0.125760740250288,0.125760740250288,FALSE,0
4,17500,77.8365416322614,74.470489855495,73.9630571573069,73.9328093199858,0.000138160624362578,0.00017636591260497,0.113889136243067,0.125477269093615,0.125477269093615,FALSE,0
4,17600,77.8365416322614,74.4807079540972,73.9760089471541,73.9456257220799,0.000137210036109525,0.000175111607671787,0.11364353483546,0.125195596607238,0.125195596607238,FALSE,0
4,17700,77.8365416322614,74.490857295314,73.9888711061111,73.9583526183188,0.000136268055118773,0.000173869327909226,0.113399445793078,0.124915706448669,0.124915706448669,FALSE,0
4,17800,77.8365416322614,74.5009384843751,74.0016444631292,73.9709908395163,0.000135334582351719,0.000172638895919521,0.113156858909442,0.124637582707678,0.124637582707678,FALSE,0
4,17900,77.8365416322614,74.5109521198108,74.014329835329,73.983541204626,0.000134409520731995,0.000171420139265817,0.112915764133303,0.124361209888481,0.124361209888481,FALSE,0
4,18000,77.8365416322614,74.5208987935834,74.0269280283323,73.9960045210751,0.000133492775082951,0.000170212890278331,0.112676151562698,0.124086572892681,0.124086572892681,FALSE,0
4,18100,77.8365416322614,74.5307790912133,74.0394398365817,74.0083815850818,0.000132584252066968,0.00016901698588148,0.112438011439242,0.123813657002896,0.123813657002896,FALSE,0
4,18200,77.8365416322614,74.5405935919021,74.0518660436475,74.0206731819638,0.000131683860124901,0.000167832267413138,0.112201334142657,0.123542447867068,0.123542447867068,FALSE,0
4,18300,77.8365416322614,74.5503428686508,74.0642074225196,74.0328800864308,0.000130791509415626,0.000166658580418169,0.111966110185513,0.123272931483416,0.123272931483416,FALSE,0
4,18400,77.8365416322614,74.560027488374,74.0764647358942,74.0450030628693,0.000129907111765994,0.000165495774560376,0.111732330208189,0.123005094185999,0.123005094185999,FALSE,0
4,18500,77.8365416322614,74.5696480120114,74.0886387364402,74.057042865612,0.000129030580613842,0.000164343703352837,0.111499984974026,0.122738922630883,0.122738922630883,FALSE,0
4,18600,77.8365416322614,74.5792049946345,74.1007301670649,74.0690002392018,0.000128161830957578,0.000163202224132684,0.11126906536469,0.122474403782868,0.122474403782868,FALSE,0
4,18700,77.8365416322614,74.5886989855505,74.1127397611648,74.0808759186421,0.000127300779308147,0.000162071197852513,0.111039562375711,0.12221152490275,0.12221152490275,FALSE,0
4,18800,77.8365416322614,74.598130528403,74.1246682428637,74.092670629637,0.000126447343643007,0.000160950488907465,0.110811467112211,0.121950273535128,0.121950273535128,FALSE,0
4,18900,77.8365416322614,74.6075001612691,74.136516327248,74.1043850888265,0.00012560144335694,0.000159839965091061,0.110584770784802,0.121690637496687,0.121690637496687,FALSE,0
4,19000,77.8365416322614,74.6168084167537,74.1482847205894,74.1160200040078,0.000124762999221914,0.000158739497407846,0.11035946470565,0.121432604864972,0.121432604864972,FALSE,0
4,19100,77.8365416322614,74.6260558220809,74.1599741205595,74.1275760743514,0.000123931933346067,0.000157648959975087,0.110135540284706,0.121176163967618,0.121176163967618,FALSE,0
4,19200,77.8365416322614,74.6352428991823,74.1715852164371,74.1390539906087,0.000123108169127629,0.000156568229901508,0.10991298902609,0.120921303372025,0.120921303372025,FALSE,0
4,19300,77.8365416322614,74.6443701647834,74.183118689306,74.150454435309,0.000122291631225681,0.000155497187168,0.109691802524614,0.120668011875452,0.120668011875452,FALSE,0
4,19400,77.8365416322614,74.6534381304859,74.1945752122483,74.1617780829534,0.000121482245513083,0.000154435714548585,0.109471972462467,0.120416278495515,0.120416278495515,FALSE,0
4,19500,77.8365416322614,74.6624473028492,74.2059554505273,74.1730256001995,0.000120679939046993,0.000153383697480633,0.10925349060602,0.120166092461083,0.120166092461083,FALSE,0
4,19600,77.8365416322614,74.6713981834681,74.2172600617666,74.1841976460371,0.000119884640033928,0.000152341023987014,0.109036348802776,0.11991744320353,0.11991744320353,FALSE,0
4,19700,77.8365416322614,74.6802912690493,74.2284896961189,74.1952948719615,0.000119096277791657,0.000151307584555916,0.108820538978438,0.119670320348371,0.119670320348371,FALSE,0
4,19800,77.8365416322614,74.6891270514847,74.2396449964334,74.2063179221375,0.000118314782726761,0.000150283272098801,0.108606053134108,0.119424713707213,0.119424713707213,FALSE,0
4,19900,77.8365416322614,74.6979060179235,74.2507265984133,74.217267433559,0.000117540086292271,0.000149267981823303,0.108392883343598,0.119180613270062,0.119180613270062,FALSE,0
4,20000,77.8365416322614,74.7066286508412,74.2617351307672,74.2281440362011,0.000116772120970103,0.000148261611141945,0.108181021750859,0.118938009197929,0.118938009197929,FALSE,0
5,1,75.150376521187,68.7277699396812,62.6722531995625,62.4031594459585,NA,NA,0.278508836497757,0.477960237422119,0.477960237422119,FALSE,0
5,100,75.150376521187,68.8348728213917,62.9651853899807,62.6937042453896,0.00155836398888753,0.00467403317199185,0.274627297997139,0.469923742229056,0.469923742229056,FALSE,0
5,200,75.150376521187,68.9396742977507,63.2535921144852,62.9797567545785,0.00152250555660797,0.00458041571255951,0.270797781720371,0.461949276775522,0.461949276775522,FALSE,0
5,300,75.150376521187,69.0411819383446,63.5345317819837,63.2583994898957,0.00147241253498752,0.00444148163143033,0.267058184552867,0.454119213861989,0.454119213861989,FALSE,0
5,400,75.150376521187,69.139500103204,63.8080705307512,63.5296982093369,0.00142405100983342,0.00430535554595956,0.263406735758124,0.446433797189476,0.446433797189476,FALSE,0
5,500,75.150376521187,69.234730690842,64.0742847308587,63.7937288244023,0.00137736876164535,0.00417210860465203,0.259841671003549,0.438893050396789,0.438893050396789,FALSE,0
5,600,75.150376521187,69.3269731077368,64.3332601663341,64.0505765879727,0.00133231422978696,0.00404179986656326,0.256361234396048,0.431496791478512,0.431496791478512,FALSE,0
5,700,75.150376521187,69.4163242479198,64.5850912268443,64.300335291659,0.00128883659819019,0.00391447689514061,0.25296368035914,0.424244646702097,0.424244646702097,FALSE,0
5,800,75.150376521187,69.5028784817898,64.8298801135614,64.5431064772534,0.00124688587025754,0.0037901763714693,0.249647275360498,0.417136064009414,0.417136064009414,FALSE,0
5,900,75.150376521187,69.5867276533219,65.0677360633354,64.7789986663795,0.00120641293373285,0.00366892472047341,0.246410299498391,0.410170325892919,0.410170325892919,FALSE,0
5,1000,75.150376521187,69.6679610848797,65.2987745947741,65.0081266119139,0.00116736961626474,0.00355073874421897,0.243251047955116,0.403346561740782,0.403346561740782,FALSE,0
5,1100,75.150376521187,69.7466655888845,65.5231167793211,65.2306105742498,0.00112970873238131,0.003435626256989,0.240167832325122,0.396663759649098,0.396663759649098,FALSE,0
5,1200,75.150376521187,69.8229254856398,65.740888539922,65.4465756249727,0.00109338412254465,0.00332358671725495,0.237158981825129,0.390120777702624,0.390120777702624,FALSE,0
5,1300,75.150376521187,69.8968226266517,65.9522199793924,65.6561509800485,0.00105835068493549,0.00321461185213535,0.234222844393193,0.383716354728382,0.383716354728382,FALSE,0
5,1400,75.150376521187,69.9684364228293,66.1572447401665,65.8594693641884,0.00102456440058972,0.00310868627073053,0.231357787683304,0.377449120528922,0.377449120528922,FALSE,0
5,1500,75.150376521187,70.0378438769897,66.3560993966763,66.0566664076287,0.00099198235245617,0.00300578806283142,0.228562199961746,0.371317605604194,0.371317605604194,FALSE,0
5,1600,75.150376521187,70.1051196201333,66.5489228812259,66.2478800761886,0.00096056273893479,0.0029058893802193,0.225834490911129,0.365320250372898,0.365320250372898,FALSE,0
5,1700,75.150376521187,70.1703359509936,66.7358559438805,66.4332501351144,0.000930264882418209,0.00280895699827101,0.223173092347675,0.359455413905459,0.359455413905459,FALSE,0
5,1800,75.150376521187,70.2335628784031,66.9170406465579,66.6129176468985,0.000901049233306702,0.00271495285577521,0.220576458857051,0.353721382182278,0.353721382182278,FALSE,0
5,1900,75.150376521187,70.2948681660519,67.0926198912313,66.7870245029808,0.000872877369967536,0.00262383457153701,0.21804306835371,0.348116375891715,0.348116375891715,FALSE,0
5,2000,75.150376521187,70.3543173792509,67.2627369818954,66.9557129889863,0.000845711995057714,0.00253555593655302,0.21557142256849,0.342638557783077,0.342638557783077,FALSE,0
5,2100,75.150376521187,70.4119739333433,67.4275352197275,67.1191253829302,0.000819516928600753,0.00245006738093998,0.213160047468879,0.337286039590476,0.337286039590476,FALSE,0
5,2200,75.150376521187,70.4678991434377,67.5871575306809,67.2774035856339,0.000794257098193481,0.00236731641506951,0.210807493616184,0.332056888543775,0.332056888543775,FALSE,0
5,2300,75.150376521187,70.522152275166,67.7417461245898,67.4306887824383,0.000769898526673194,0.00228724804470025,0.20851233646354,0.326949133483133,0.326949133483133,FALSE,0
5,2400,75.150376521187,70.5747905961969,67.891442184725,67.5791211351548,0.000746408317566217,0.00220980516002591,0.206273176598518,0.321960770593656,0.321960770593656,FALSE,0
5,2500,75.150376521187,70.6258694282599,68.0363855866394,67.7228395031042,0.000723754638611618,0.00213492889899164,0.204088639933863,0.317089768776727,0.317089768776727,FALSE,0
5,2600,75.150376521187,70.6754421994592,68.1767146450441,67.8619811919906,0.000701906703599884,0.00206255898508795,0.201957377849688,0.312334074674436,0.312334074674436,FALSE,0
5,2700,75.150376521187,70.7235604966789,68.3125658874063,67.9966817293074,0.000680834752812358,0.00199263404036854,0.199878067290289,0.307691617363253,0.307691617363253,FALSE,0
5,2800,75.150376521187,70.7702741179032,68.4440738528997,68.1270746649198,0.000660510032246208,0.00192509187416863,0.197849410818544,0.303160312732931,0.303160312732931,FALSE,0
5,2900,75.150376521187,70.8156311242903,68.5713709153266,68.2532913954453,0.000640904771848323,0.00185986974855527,0.195870136630731,0.298738067566082,0.298738067566082,FALSE,0
5,3000,75.150376521187,70.859677891863,68.6945871286024,68.3754610110391,0.000621992162936278,0.00179690462114206,0.193938998534389,0.294422783333668,0.294422783333668,FALSE,0
5,3100,75.150376521187,70.9024591626881,68.8138500934128,68.493710163195,0.000603746334980379,0.0017361333664783,0.192054775891776,0.290212359721,0.290212359721,FALSE,0
5,3200,75.150376521187,70.9440180954381,68.929284843645,68.6081629521828,0.000586142331884715,0.00167749297671136,0.190216273531284,0.286104697898546,0.286104697898546,FALSE,0
5,3300,75.150376521187,70.9843963152387,69.0410137512415,68.718940832769,0.000569156087920872,0.0016209207429019,0.188422321629066,0.28209770355118,0.28209770355118,FALSE,0
5,3400,75.150376521187,71.0236339627207,69.1491564481338,68.8261625368968,0.000552764403429911,0.00156635441770828,0.186671775563024,0.278189289679099,0.278189289679099,FALSE,0
5,3500,75.150376521187,71.061769742205,69.2538297639722,68.929944012039,0.000536944920394625,0.0015137323608131,0.184963515741168,0.274377379182994,0.274377379182994,FALSE,0
5,3600,75.150376521187,71.0988409689607,69.3551476783892,69.0303983739844,0.000521676097994935,0.00146299366781926,0.183296447406277,0.270659907245694,0.270659907245694,FALSE,0
5,3700,75.150376521187,71.1348836154874,69.4532212866101,69.1276358728638,0.000506937188222266,0.00141407828407609,0.181669500418674,0.267034823521696,0.267034823521696,FALSE,0
5,3800,75.150376521187,71.1699323567789,69.5481587772478,69.2217638712724,0.000492708211641578,0.00136692710401417,0.180081629018852,0.263500094145751,0.263500094145751,FALSE,0
5,3900,75.150376521187,71.2040206145363,69.6400654211958,69.3128868334041,0.000478969933348942,0.00132148205738044,0.178531811571596,0.260053703570906,0.260053703570906,FALSE,0
5,4000,75.150376521187,71.2371806003041,69.7290435705759,69.4011063241623,0.000465703839216074,0.00127768618311822,0.177019050293138,0.25669365624603,0.25669365624603,FALSE,0
5,4100,75.150376521187,71.2694433575099,69.8151926667604,69.4865210172751,0.000452892112432393,0.00123548369191758,0.175542370962856,0.253417978142281,0.253417978142281,FALSE,0
5,4200,75.150376521187,71.3008388023949,69.8986092565387,69.5692267114916,0.000440517610436342,0.00119482001828066,0.174100822620901,0.2502247181375,0.2502247181375,FALSE,0
5,4300,75.150376521187,71.331395763826,69.9793870155693,69.6493163540022,0.000428563842227357,0.00115564186311777,0.172693477253101,0.247111949267015,0.247111949267015,FALSE,0
5,4400,75.150376521187,71.3611420219879,70.0576167782925,69.7268800702707,0.00041701494613069,0.00111789722744773,0.171319429464407,0.244077769848915,0.244077769848915,FALSE,0
5,4500,75.150376521187,71.3901043459533,70.1333865735533,69.802005199528,0.000405855668010568,0.00108153543818873,0.169977796142082,0.241120304491412,0.241120304491412,FALSE,0
5,4600,75.150376521187,71.4183085301386,70.2067816652294,69.8747763352267,0.000395071339981627,0.00104650716672806,0.168667716109798,0.238237704989422,0.238237704989422,FALSE,0
5,4700,75.150376521187,71.445779429652,70.2778845972052,69.9452753698095,0.000384647859614069,0.00101276444083262,0.167388349773703,0.235428151117223,0.235428151117223,FALSE,0
5,4800,75.150376521187,71.4725409945429,70.3467752420962,70.0135815431891,0.000374571669656913,0.000980260650783471,0.166138878761508,0.232689851323515,0.232689851323515,FALSE,0
5,4900,75.150376521187,71.498616302969,70.4135308531574,70.0797714943899,0.000364829738291373,0.00094895055006454,0.164918505555566,0.230021043334983,0.230021043334983,FALSE,0
5,5000,75.150376521187,71.5240275932941,70.4782261188762,70.143919315842,0.000355409539919172,0.000918790251460334,0.163726453120875,0.227419994674014,0.227419994674014,FALSE,0
5,5100,75.150376521187,71.5487962951353,70.5409332197683,70.2060966098626,0.000346299036486372,0.000889737218787877,0.162561964528873,0.224885003095986,0.224885003095986,FALSE,0
5,5200,75.150376521187,71.5729430593776,70.6017218869624,70.2663725469046,0.000337486659351819,0.000861750255055919,0.161424302577871,0.222414396951159,0.222414396951159,FALSE,0
5,5300,75.150376521187,71.596487787177,70.6606594621734,70.3248139251795,0.000328961291698885,0.000834789487221955,0.160312749410893,0.220006535475984,0.220006535475984,FALSE,0
5,5400,75.150376521187,71.6194496579732,70.7178109587189,70.3814852313102,0.000320712251477933,0.000808816348171114,0.159226606131678,0.217659809018342,0.217659809018342,FALSE,0
5,5500,75.150376521187,71.6418471565332,70.7732391232554,70.4364487016935,0.000312729274896708,0.000783793556178107,0.158165192419531,0.215372639200964,0.215372639200964,FALSE,0
5,5600,75.150376521187,71.6636980990515,70.8270044979452,70.4897643842881,0.000305002500431845,0.000759685092216794,0.15712784614369,0.213143479027103,0.213143479027103,FALSE,0
5,5700,75.150376521187,71.6850196583271,70.879165482806,70.5414902005725,0.000297522453364146,0.000736456175586909,0.156113922977818,0.210970812932187,0.210970812932187,FALSE,0
5,5800,75.150376521187,71.7058283880441,70.9297783979976,70.5916820074435,0.000290280030837074,0.000714073237838425,0.155122796015202,0.208853156785168,0.208853156785168,FALSE,0
5,5900,75.150376521187,71.7261402461787,70.9788975458508,70.64039365885,0.000283266487413776,0.000692503895579306,0.15415385538521,0.206789057842886,0.206789057842886,FALSE,0
5,6000,75.150376521187,71.7459706175577,71.026575272455,70.6876770669857,0.000276473421139817,0.000671716922250131,0.153206507871491,0.20477709466072,0.20477709466072,FALSE,0
5,6100,75.150376521187,71.7653343355926,71.0728620286431,70.7335822628787,0.000269892760084443,0.000651682219091521,0.152280176532416,0.202815876962577,0.202815876962577,FALSE,0
5,6200,75.150376521187,71.7842457032142,71.1178064302288,70.7781574562393,0.000263516749371034,0.000632370785457714,0.151374300324177,0.200904045473142,0.200904045473142,FALSE,0
5,6300,75.150376521187,71.8027185130317,71.1614553173875,70.821449094446,0.000257337938659352,0.000613754688869316,0.150488333726965,0.199040271715099,0.199040271715099,FALSE,0
5,6400,75.150376521187,71.8207660667406,71.203853813063,70.863501920568,0.000251349170095736,0.000595807034670631,0.149621746374593,0.197223257773973,0.197223257773973,FALSE,0
5,6500,75.150376521187,71.8384011938033,71.2450453803124,70.9043590303285,0.000245543566693734,0.000578501935548716,0.14877402268791,0.195451736033096,0.195451736033096,FALSE,0
5,6600,75.150376521187,71.8556362694261,71.2850718785215,70.9440619279418,0.000239914521153772,0.000561814481210497,0.147944661512338,0.193724468880996,0.193724468880996,FALSE,0
5,6700,75.150376521187,71.8724832318559,71.3239736184196,70.9826505807566,0.000234455685098525,0.000545720708037308,0.147133175759796,0.192040248393503,0.192040248393503,FALSE,0
5,6800,75.150376521187,71.8889535990182,71.3617894158422,71.0201634726545,0.000229160958710452,0.000530197568982622,0.1463390920553,0.190397895992705,0.190397895992705,FALSE,0
5,6900,75.150376521187,71.9050584845215,71.3985566442077,71.0566376561672,0.000224024480773256,0.000515222903831389,0.14556195038846,0.18879626208475,0.18879626208475,FALSE,0
5,7000,75.150376521187,71.9208086130472,71.4343112856653,71.0921088032755,0.000219040619082463,0.000500775409730532,0.144801303770094,0.187234225678482,0.187234225678482,FALSE,0
5,7100,75.150376521187,71.9362143351474,71.4690879809041,71.1266112548721,0.000214203961236805,0.000486834612287222,0.144056717894157,0.185710693986674,0.185710693986674,FALSE,0
5,7200,75.150376521187,71.9512856414732,71.5029200775939,71.1601780688668,0.00020950930578014,0.000473380837025299,0.143327770805136,0.184224602011683,0.184224602011683,FALSE,0
5,7300,75.150376521187,71.9660321764508,71.5358396774597,71.1928410669337,0.000204951653693058,0.000460395181484454,0.142614052571083,0.182774912117137,0.182774912117137,FALSE,0
5,7400,75.150376521187,71.980463251428,71.5678776819796,71.2246308798884,0.000200526200219986,0.000447859487835554,0.141915164962393,0.181360613587258,0.181360613587258,FALSE,0
5,7500,75.150376521187,71.9945878573094,71.5990638367114,71.255576991703,0.000196228327011426,0.000435756316128796,0.141230721136453,0.179980722175312,0.179980722175312,FALSE,0
5,7600,75.150376521187,72.0084146766985,71.6294267742585,71.2857077821665,0.000192053594590623,0.000424068918224548,0.14056034532824,0.178634279642606,0.178634279642606,FALSE,0
5,7700,75.150376521187,72.0219520955663,71.658994055874,71.3150505681965,0.000187997735107065,0.000412781212233719,0.139903672546956,0.177320353289418,0.177320353289418,FALSE,0
5,7800,75.150376521187,72.0352082144635,71.6877922117365,71.3436316438242,0.000184056645390752,0.000401877757871325,0.139260348278753,0.17603803547908,0.17603803547908,FALSE,0
5,7900,75.150376521187,72.0481908592927,71.7158467798956,71.3714763188631,0.000180226380279197,0.000391343732223942,0.138630028195588,0.174786443156494,0.174786443156494,FALSE,0
5,8000,75.150376521187,72.0609075916584,71.7431823439231,71.3986089562884,0.000176503146215145,0.000381164906431434,0.138012377870244,0.173564717362177,0.173564717362177,FALSE,0
5,8100,75.150376521187,72.0733657188113,71.7698225692827,71.4250530083446,0.000172883295107494,0.000371327622908256,0.13740707249754,0.17237202274295,0.17237202274295,FALSE,0
5,8200,75.150376521187,72.0855723032,71.7957902384503,71.4508310514092,0.000169363318431493,0.000361818773378541,0.136813796621717,0.17120754706027,0.17120754706027,FALSE,0
5,8300,75.150376521187,72.0975341716483,71.8211072848035,71.4759648196369,0.000165939841581967,0.000352625777487542,0.136232243870012,0.170070500697186,0.170070500697186,FALSE,0
5,8400,75.150376521187,72.1092579241709,71.8457948253147,71.5004752374132,0.000162609618446294,0.000343736562195894,0.13566211669239,0.168960116164817,0.168960116164817,FALSE,0
5,8500,75.150376521187,72.1207499424411,71.8698731920732,71.5243824506456,0.0001593695262029,0.000335139541807008,0.135103126107417,0.167875647609186,0.167875647609186,FALSE,0
5,8600,75.150376521187,72.1320163979261,71.8933619626678,71.5477058569197,0.000156216560337928,0.000326823598697525,0.134554991454226,0.166816370319216,0.166816370319216,FALSE,0
5,8700,75.150376521187,72.1430632597007,71.9162799894547,71.5704641345538,0.000153147829856712,0.000318778064640043,0.134017440150546,0.165781580236638,0.165781580236638,FALSE,0
5,8800,75.150376521187,72.1538963019532,71.9386454277503,71.5926752705799,0.000150160552700521,0.00031099270288813,0.133490207456724,0.164770593468476,0.164770593468476,FALSE,0
5,8900,75.150376521187,72.1645211111967,71.9604757629719,71.6143565876828,0.000147252051350921,0.000303457690812431,0.132973036245701,0.163782745802769,0.163782745802769,FALSE,0
5,9000,75.150376521187,72.1749430931941,71.9817878367605,71.6355247701263,0.000144419748610378,0.000296163603181367,0.132465676778855,0.162817392228108,0.162817392228108,FALSE,0
5,9100,75.150376521187,72.1851674796129,72.0025978721147,71.6561958887,0.000141661163563721,0.000289101396054648,0.131967886487657,0.161873906457563,0.161873906457563,FALSE,0
5,9200,75.150376521187,72.1951993344157,72.0229214975712,71.6763854247159,0.000138973907703329,0.000282262391318098,0.131479429761053,0.160951680457465,0.160951680457465,FALSE,0
5,9300,75.150376521187,72.2050435600012,72.0427737704556,71.6961082930836,0.000136355681212417,0.000275638261704212,0.131000077738496,0.160050123981533,0.160050123981533,FALSE,0
5,9400,75.150376521187,72.2147049031026,72.06216919924,71.7153788644978,0.000133804269412081,0.000269221016478611,0.130529608108535,0.159168664110752,0.159168664110752,FALSE,0
5,9500,75.150376521187,72.2241879604547,72.0811217650329,71.7342109867643,0.00013131753934004,0.000263002987607238,0.130067804912881,0.158306744799391,0.158306744799391,FALSE,0
5,9600,75.150376521187,72.2334971842385,72.0996449422319,71.7526180052947,0.000128893436488725,0.000256976816472878,0.12961445835585,0.157463826427507,0.157463826427507,FALSE,0
5,9700,75.150376521187,72.2426368873128,72.1177517183709,71.770612782801,0.000126529981664475,0.000251135441146167,0.129169364619089,0.156639385360219,0.156639385360219,FALSE,0
5,9800,75.150376521187,72.2516112482399,72.1354546131848,71.7882077182127,0.000124225267982236,0.000245472084086238,0.128732325681494,0.155832913514072,0.155832913514072,FALSE,0
5,9900,75.150376521187,72.2604243161159,72.1527656969245,71.8054147648503,0.00012197745799384,0.000239980240403655,0.128303149144205,0.155043917930684,0.155043917930684,FALSE,0
5,10000,75.150376521187,72.2690800152116,72.1696966079455,71.8222454478781,0.000119784780917311,0.000234653666528228,0.127881648060595,0.154271920357922,0.154271920357922,FALSE,0
5,10100,75.150376521187,72.2775821494324,72.1862585695995,71.8387108810621,0.000117645529998063,0.000229486369382858,0.127467640771133,0.153516456838766,0.153516456838766,FALSE,0
5,10200,75.150376521187,72.2859344066051,72.2024624064517,71.854821782862,0.000115558059971875,0.000224472595938604,0.127060950743033,0.152777077308039,0.152777077308039,FALSE,0
5,10300,75.150376521187,72.2941403625968,72.2183185598503,71.8705884918782,0.000113520784631654,0.000219606823232296,0.126661406414572,0.15205334519711,0.15205334519711,FALSE,0
5,10400,75.150376521187,72.3022034852751,72.2338371028772,71.886020981683,0.000111532174501219,0.000214883748837364,0.12626884104397,0.151344837046667,0.151344837046667,FALSE,0
5,10500,75.150376521187,72.3101271383145,72.2490277546908,71.9011288750524,0.00010959075460322,0.00021029828156483,0.125883092562752,0.150651142127689,0.150651142127689,FALSE,0
5,10600,75.150376521187,72.3179145848549,72.2638998943005,71.9159214576282,0.000107695102312503,0.000205845532761893,0.125504003433446,0.149971862070599,0.149971862070599,FALSE,0
5,10700,75.150376521187,72.3255689910196,72.2784625737791,71.9304076910285,0.000105843845313163,0.000201520807760979,0.125131420511552,0.149306610502721,0.149306610502721,FALSE,0
5,10800,75.150376521187,72.3330934292973,72.2927245309499,71.9445962254295,0.000104035659625099,0.000197319597885174,0.124765194911647,0.14865501269397,0.14865501269397,FALSE,0
5,10900,75.150376521187,72.3404908817944,72.3066942015547,71.958495411639,0.000102269267721699,0.000193237572596351,0.124405181877546,0.148016705210874,0.148016705210874,FALSE,0
5,11000,75.150376521187,72.3477642433619,72.3203797309338,71.9721133126792,0.00010054343672281,0.00018927057211285,0.124051240656399,0.147391335578826,0.147391335578826,FALSE,0
5,11100,75.150376521187,72.3549163246032,72.333788985232,71.9854577149062,9.88569766612728e-05,0.000185414600255726,0.123703234376626,0.146778561952591,0.146778561952591,FALSE,0
5,11200,75.150376521187,72.3619498547666,72.3469295621508,71.9985361386697,9.72087388213655e-05,0.0001816658176386,0.123361029929596,0.146178052795001,0.146178052795001,FALSE,0
5,11300,75.150376521187,72.3688674845278,72.3598088012663,72.0113558485507,9.55976141470994e-05,0.000178020535126798,0.123024497854947,0.145589486563793,0.145589486563793,FALSE,0
5,11400,75.150376521187,72.375671788666,72.3724337939252,72.0239238631761,9.4022531715193e-05,0.000174475207550086,0.122693512229438,0.14501255140651,0.14501255140651,FALSE,0
5,11500,75.150376521187,72.3823652686396,72.3848113927464,72.0362469646387,9.24824572693386e-05,0.000171026427776217,0.122367950559252,0.144446944863388,0.144446944863388,FALSE,0
5,11600,75.150376521187,72.3889503550628,72.3969482207279,72.0483317075345,9.09763918159238e-05,0.000167670920846296,0.12204769367565,0.143892373578159,0.143892373578159,FALSE,0
5,11700,75.150376521187,72.3954294100908,72.4088506799932,72.0601844276321,8.95033702829545e-05,0.000164405538601042,0.121732625633867,0.143348553016633,0.143348553016633,FALSE,0
5,11800,75.150376521187,72.4018047297132,72.4205249601776,72.0718112501918,8.80624602184153e-05,0.000161227254330348,0.121422633615184,0.142815207193,0.142815207193,FALSE,0
5,11900,75.150376521187,72.4080785459627,72.4319770464766,72.0832180979465,8.66527605606705e-05,0.000158133157766673,0.121117607832059,0.1422920684037,0.1422920684037,FALSE,0
5,12000,75.150376521187,72.4142530290402,72.4432127273687,72.0944106987594,8.52734004483281e-05,0.000155120450251512,0.120817441436252,0.141778876968765,0.141778876968765,FALSE,0
5,12100,75.150376521187,72.4203302893614,72.4542376020235,72.1053945929699,8.39235380745123e-05,0.000152186440106033,0.120522030429832,0.141275380980499,0.141275380980499,FALSE,0
5,12200,75.150376521187,72.4263123795265,72.4650570874128,72.1161751404452,8.26023596030504e-05,0.000149328538223858,0.120231273579006,0.14078133605937,0.14078133605937,FALSE,0
5,12300,75.150376521187,72.4322012962173,72.475676425132,72.1267575273436,8.13090781136499e-05,0.000146544253825414,0.119945072330663,0.140296505116973,0.140296505116973,FALSE,0
5,12400,75.150376521187,72.4379989820234,72.4861006879461,72.1371467726047,8.00429325951665e-05,0.000143831190383018,0.119663330731572,0.13982065812595,0.13982065812595,FALSE,0
5,12500,75.150376521187,72.443707327202,72.4963347860731,72.1473477341803,7.88031869846706e-05,0.000141187041789685,0.119385955350131,0.13935357189669,0.13935357189669,FALSE,0
5,12600,75.150376521187,72.449328171372,72.5063834732134,72.1573651150109,7.7589129234732e-05,0.000138609588608955,0.119112855200624,0.138895029860696,0.138895029860696,FALSE,0
5,12700,75.150376521187,72.4548633051468,72.5162513523358,72.1672034687621,7.640007042882e-05,0.000136096694520879,0.118843941669861,0.138444821860468,0.138444821860468,FALSE,0
5,12800,75.150376521187,72.4603144717068,72.5259428812299,72.1768672053304,7.52353439280373e-05,0.00013364630290988,0.118579128446175,0.138002743945754,0.138002743945754,FALSE,0
5,12900,75.150376521187,72.4656833683148,72.5354623778415,72.1863605961305,7.40943045459495e-05,0.000131256433676122,0.118318331450676,0.137568598176014,0.137568598176014,FALSE,0
5,13000,75.150376521187,72.4709716477764,72.544814025383,72.1956877791637,7.29763277706405e-05,0.000128925179972873,0.118061468770689,0.137142192428975,0.137142192428975,FALSE,0
5,13100,75.150376521187,72.4761809198477,72.5540018772543,72.2048527638924,7.18808090027165e-05,0.000126650705426063,0.117808460595334,0.136723340215084,0.136723340215084,FALSE,0
5,13200,75.150376521187,72.4813127525916,72.5630298617515,72.2138594359109,7.08071628334992e-05,0.000124431241056588,0.117559229153144,0.136311860497782,0.136311860497782,FALSE,0
5,13300,75.150376521187,72.4863686736864,72.5719017865993,72.2227115614361,6.97548223505793e-05,0.000122265082710442,0.11731369865169,0.135907577519377,0.135907577519377,FALSE,0
5,13400,75.150376521187,72.4913501716862,72.5806213432974,72.2314127916167,6.87232384643852e-05,0.000120150588360058,0.117071795219124,0.135510320632423,0.135510320632423,FALSE,0
5,13500,75.150376521187,72.4962586972374,72.5891921112956,72.2399666666704,6.77118792733441e-05,0.000118086175615436,0.116833446847596,0.135119924136439,0.135119924136439,FALSE,0
5,13600,75.150376521187,72.5010956642512,72.5976175620056,72.2483766198595,6.67202294399238e-05,0.000116070319353805,0.116598583338477,0.134736227119816,0.134736227119816,FALSE,0
5,13700,75.150376521187,72.505862451035,72.605901062649,72.2566459813061,6.57477896037696e-05,0.000114101549356692,0.116367136249328,0.134359073306805,0.134359073306805,FALSE,0
5,13800,75.150376521187,72.5105604013832,72.6140458799587,72.264777981659,6.4794075809133e-05,0.000112178448176385,0.116139038842564,0.133988310909404,0.133988310909404,FALSE,0
5,13900,75.150376521187,72.5151908256307,72.6220551837306,72.2727757556142,6.3858618963205e-05,0.000110299648984441,0.115914226035757,0.133623792484031,0.133623792484031,FALSE,0
5,14000,75.150376521187,72.5197550016679,72.6299320502383,72.2806423452985,6.29409643031505e-05,0.000108463833581185,0.11569263435352,0.13326537479284,0.13326537479284,FALSE,0
5,14100,75.150376521187,72.5242541759217,72.6376794655148,72.2883807035202,6.20406708994347e-05,0.000106669730477895,0.115474201880929,0.13291291866954,0.13291291866954,FALSE,0
5,14200,75.150376521187,72.5286895643013,72.6453003284994,72.295993696891,6.11573111644277e-05,0.000104916112969578,0.115258868218421,0.13256628888961,0.13256628888961,FALSE,0
5,14300,75.150376521187,72.5330623531118,72.6527974540726,72.3034841088275,6.0290470389764e-05,0.000103201797491283,0.115046574438136,0.132225354044727,0.132225354044727,FALSE,0
5,14400,75.150376521187,72.5373736999362,72.6601735759608,72.3108546424354,5.94397462967386e-05,0.000101525641773395,0.114837263041639,0.131889986421357,0.131889986421357,FALSE,0
5,14500,75.150376521187,72.5416247344864,72.667431349541,72.3181079232831,5.86047486055807e-05,9.98865433849019e-05,0.114630877918981,0.131560061883296,0.131560061883296,FALSE,0
5,14600,75.150376521187,72.5458165594257,72.6745733545246,72.3252465020637,5.77850986192594e-05,9.82834379982588e-05,0.114427364309074,0.131235459758128,0.131235459758128,FALSE,0
5,14700,75.150376521187,72.549950251163,72.6816020975471,72.3322728571606,5.69804288286449e-05,9.67152980485032e-05,0.114226668761297,0.130916062727405,0.130916062727405,FALSE,0
5,14800,75.150376521187,72.5540268606198,72.688520014655,72.3391893971084,5.61903825258661e-05,9.5181131239465e-05,0.114028739098336,0.130601756720475,0.130601756720475,FALSE,0
5,14900,75.150376521187,72.5580474139717,72.6953294736932,72.3459984629623,5.54146134377867e-05,9.36799791335712e-05,0.113833524380185,0.130292430811844,0.130292430811844,FALSE,0
5,15000,75.150376521187,72.5620129133638,72.70203277661,72.3527023305775,5.46527853687969e-05,9.22109159593141e-05,0.113640974869291,0.12998797712193,0.12998797712193,FALSE,0
5,15100,75.150376521187,72.5659243376035,72.7086321616649,72.3593032127985,5.39045718640584e-05,9.07730472300878e-05,0.113451041996781,0.129688290721138,0.129688290721138,FALSE,0
5,15200,75.150376521187,72.5697826428288,72.7151298055596,72.3658032615683,5.31696558751587e-05,8.9365508627049e-05,0.11326367832977,0.129393269537118,0.129393269537118,FALSE,0
5,15300,75.150376521187,72.573588763155,72.7215278254826,72.372204569956,5.24477294493033e-05,8.79874647831513e-05,0.113078837539676,0.129102814265138,0.129102814265138,FALSE,0
5,15400,75.150376521187,72.5773436113,72.7278282810833,72.3785091741085,5.17384934238094e-05,8.66381082612278e-05,0.112896474371534,0.12881682828142,0.12881682828142,FALSE,0
5,15500,75.150376521187,72.581048079188,72.7340331763628,72.3847190551269,5.10416571303837e-05,8.53166583710246e-05,0.112716544614271,0.128535217559408,0.128535217559408,FALSE,0
5,15600,75.150376521187,72.5847030385348,72.7401444615047,72.3908361408759,5.03569381197409e-05,8.40223603034834e-05,0.112539005071903,0.128257890588802,0.128257890588802,FALSE,0
5,15700,75.150376521187,72.5883093414123,72.7461640346255,72.3968623077215,4.96840618820637e-05,8.27544839982027e-05,0.112363813535628,0.127984758297335,0.127984758297335,FALSE,0
5,15800,75.150376521187,72.5918678207956,72.7520937434712,72.402799382207,4.90227615932482e-05,8.15123233561904e-05,0.112190928756786,0.12771573397514,0.12771573397514,FALSE,0
5,15900,75.150376521187,72.595379291092,72.7579353870415,72.4086491426648,4.83727778589162e-05,8.02951952260448e-05,0.112020310420657,0.127450733201666,0.127450733201666,FALSE,0
5,16000,75.150376521187,72.598844548653,72.7636907171606,72.4144133207688,4.77338584739963e-05,7.91024386337563e-05,0.111851919121068,0.127189673775036,0.127189673775036,FALSE,0
5,16100,75.150376521187,72.6022643722689,72.7693614399867,72.4200936030318,4.7105758186895e-05,7.79334139076728e-05,0.11168571633578,0.126932475643766,0.126932475643766,FALSE,0
5,16200,75.150376521187,72.6056395236491,72.7749492174663,72.4256916322434,4.6488238478228e-05,7.67875018976166e-05,0.111521664402634,0.126679060840778,0.126679060840778,FALSE,0
5,16300,75.150376521187,72.6089707478855,72.7804556687362,72.4312090088592,4.58810673421547e-05,7.5664103226125e-05,0.111359726496427,0.126429353419613,0.126429353419613,FALSE,0
5,16400,75.150376521187,72.612258773902,72.7858823714734,72.436647292337,4.5284019075983e-05,7.45626375563033e-05,0.111199866606498,0.126183279392782,0.126183279392782,FALSE,0
5,16500,75.150376521187,72.6155043148891,72.7912308631975,72.4420080024266,4.46968740807713e-05,7.34825429031641e-05,0.111042049514993,0.125940766672176,0.125940766672176,FALSE,0
5,16600,75.150376521187,72.618708068726,72.7965026425237,72.4472926204093,4.41194186707605e-05,7.24232749424897e-05,0.110886240775794,0.125701745011462,0.125701745011462,FALSE,0
5,16700,75.150376521187,72.6218707183874,72.8016991703733,72.4525025902969,4.35514448757765e-05,7.13843064011072e-05,0.110732406694088,0.125466145950406,0.125466145950406,FALSE,0
5,16800,75.150376521187,72.6249929323396,72.8068218711368,72.457639319984,4.29927502741666e-05,7.03651263900836e-05,0.110580514306551,0.125233902761057,0.125233902761057,FALSE,0
5,16900,75.150376521187,72.628075364923,72.8118721338022,72.4627041823613,4.24431378094856e-05,6.93652398986501e-05,0.110430531362132,0.125004950395702,0.125004950395702,FALSE,0
5,17000,75.150376521187,72.631118656723,72.8168513130319,72.4676985163877,4.19024156245862e-05,6.83841670845328e-05,0.110282426303414,0.12477922543659,0.12477922543659,FALSE,0
5,17100,75.150376521187,72.6341234349294,72.8217607302165,72.4726236281258,4.1370396903903e-05,6.74214429226197e-05,0.110136168248535,0.124556666047276,0.124556666047276,FALSE,0
5,17200,75.150376521187,72.6370903136851,72.8266016744752,72.4774807917392,4.0846899712771e-05,6.64766164692012e-05,0.109991726973647,0.124337211925631,0.124337211925631,FALSE,0
5,17300,75.150376521187,72.6400198944235,72.8313754036347,72.4822712504555,4.03317468492272e-05,6.55492505447293e-05,0.109849072895902,0.124120804258365,0.124120804258365,FALSE,0
5,17400,75.150376521187,72.642912766196,72.8360831451638,72.4869962174961,3.98247656973318e-05,6.4638921110943e-05,0.109708177056939,0.123907385677084,0.123907385677084,FALSE,0
5,17500,75.150376521187,72.6457695059895,72.8407260970819,72.4916568769711,3.93257880878703e-05,6.37452168989335e-05,0.109569011106862,0.123696900215781,0.123696900215781,FALSE,0
5,17600,75.150376521187,72.6485906790341,72.845305428832,72.4962543847461,3.88346501627131e-05,6.2867738907358e-05,0.109431547288693,0.123489293269735,0.123489293269735,FALSE,0
5,17700,75.150376521187,72.6513768391017,72.8498222821255,72.5007898692765,3.83511922463473e-05,6.20061000064988e-05,0.109295758423282,0.123284511555761,0.123284511555761,FALSE,0
5,17800,75.150376521187,72.6541285287953,72.8542777717573,72.5052644324154,3.78752587134243e-05,6.11599245169993e-05,0.109161617894656,0.123082503073761,0.123082503073761,FALSE,0
5,17900,75.150376521187,72.6568462798306,72.8586729863916,72.5096791501901,3.74066978755961e-05,6.0328847787062e-05,0.109029099635798,0.122883217069547,0.122883217069547,FALSE,0
5,18000,75.150376521187,72.6595306133077,72.8630089893231,72.5140350735555,3.69453618549662e-05,5.95125158572187e-05,0.108898178114849,0.122686603998859,0.122686603998859,FALSE,0
5,18100,75.150376521187,72.662182039976,72.8672868192117,72.5183332291206,3.64911064797523e-05,5.87105850823256e-05,0.108768828321695,0.122492615492577,0.122492615492577,FALSE,0
5,18200,75.150376521187,72.6648010604911,72.871507490789,72.5225746198493,3.60437911649898e-05,5.79227217248239e-05,0.108641025754957,0.122301204323059,0.122301204323059,FALSE,0
5,18300,75.150376521187,72.6673881656634,72.8756719955469,72.526760225739,3.56032788162179e-05,5.71486017146598e-05,0.108514746409349,0.12211232437156,0.12211232437156,FALSE,0
5,18400,75.150376521187,72.6699438367001,72.8797813023982,72.5308910044758,3.51694357158519e-05,5.63879102423162e-05,0.1083899667634,0.121925930596727,0.121925930596727,FALSE,0
5,18500,75.150376521187,72.6724685454404,72.8838363583167,72.5349678920671,3.47421314368311e-05,5.5640341477109e-05,0.108266663767531,0.121741979004098,0.121741979004098,FALSE,0
5,18600,75.150376521187,72.6749627545828,72.8878380889559,72.5389918034547,3.43212387352291e-05,5.49055982665852e-05,0.108144814832469,0.121560426616589,0.121560426616589,FALSE,0
5,18700,75.150376521187,72.6774269179072,72.8917873992473,72.5429636331046,3.39066334670015e-05,5.41833918384594e-05,0.108024397817993,0.121381231445926,0.121381231445926,FALSE,0
5,18800,75.150376521187,72.6798614804891,72.8956851739792,72.546884255581,3.34981944897532e-05,5.34734415347083e-05,0.107905391021999,0.121204352465002,0.121204352465002,FALSE,0
5,18900,75.150376521187,72.6822668789093,72.8995322783552,72.5507545260985,3.30958035860912e-05,5.27754745261316e-05,0.107787773169877,0.121029749581102,0.121029749581102,FALSE,0
5,19000,75.150376521187,72.6846435414564,72.9033295585361,72.554575281058,3.2699345371991e-05,5.20892255726787e-05,0.107671523404177,0.120857383610003,0.120857383610003,FALSE,0
5,19100,75.150376521187,72.6869918883238,72.9070778421625,72.558347338563,3.23087072181386e-05,5.1414436748419e-05,0.107556621274578,0.120687216250877,0.120687216250877,FALSE,0
5,19200,75.150376521187,72.6893123318017,72.9107779388626,72.5620714989223,3.19237791746601e-05,5.07508572500575e-05,0.107443046728133,0.120519210062,0.120519210062,FALSE,0
5,19300,75.150376521187,72.691605276463,72.9144306407399,72.5657485451322,3.15444538914181e-05,5.00982430934578e-05,0.107330780099777,0.120353328437229,0.120353328437229,FALSE,0
5,19400,75.150376521187,72.6938711193442,72.9180367228499,72.5693792433482,3.11706265469699e-05,4.94563569698939e-05,0.107219802103116,0.120189535583215,0.120189535583215,FALSE,0
5,19500,75.150376521187,72.6961102501215,72.9215969436574,72.5729643433366,3.08021947779747e-05,4.88249679711834e-05,0.107110093821452,0.120027796497339,0.120027796497339,FALSE,0
5,19600,75.150376521187,72.6983230512821,72.9251120454825,72.5765045789158,3.04390586092414e-05,4.82038514289021e-05,0.107001636699074,0.119868076946328,0.119868076946328,FALSE,0
5,19700,75.150376521187,72.7005098982897,72.9285827549285,72.5800006683798,3.0081120385981e-05,4.75927886659345e-05,0.10689441253277,0.119710343445554,0.119710343445554,FALSE,0
5,19800,75.150376521187,72.7026711597469,72.9320097833016,72.5834533149121,2.97282847154911e-05,4.69915668677185e-05,0.106788403463587,0.119554563238956,0.119554563238956,FALSE,0
5,19900,75.150376521187,72.7048071975523,72.9353938270125,72.5868632069839,2.93804583981383e-05,4.63999788432047e-05,0.106683591968806,0.119400704279606,0.119400704279606,FALSE,0
5,20000,75.150376521187,72.7069183670535,72.9387355679676,72.59023101874,2.90375503707014e-05,4.58178228667037e-05,0.106579960854138,0.119248735210862,0.119248735210862,FALSE,0
6,1,71.255537327474,60.0934109347597,55.443841506123,55.2380943434592,NA,NA,0.274239113823114,0.448037248451142,0.448037248451142,FALSE,0
6,100,71.255537327474,60.1714206676776,55.6299414366351,55.4225187056325,0.0012981412055744,0.00335654827401392,0.271181050872799,0.442542415171956,0.442542415171956,FALSE,0
6,200,71.255537327474,60.2483761026042,55.8144817289594,55.6053904924386,0.00127893664588093,0.00331728359869862,0.268141156298735,0.437055453081653,0.437055453081653,FALSE,0
6,300,71.255537327474,60.3235188157199,55.9955760475045,55.7848404918771,0.00124721557619563,0.00324457583292765,0.265150052486589,0.431632859656046,0.431632859656046,FALSE,0
6,400,71.255537327474,60.3968873473696,56.1732382953271,55.9608826599191,0.00121625086019767,0.00317279078747021,0.262207216685422,0.42627523299197,0.42627523299197,FALSE,0
6,500,71.255537327474,60.468519811054,56.3474853576325,56.1335339100733,0.0011860290625967,0.00310195864780342,0.259312119548727,0.420983094221779,0.420983094221779,FALSE,0
6,600,71.255537327474,60.5384538702482,56.5183369527401,56.3028139652887,0.00115653664770985,0.00303210682825047,0.256464225893197,0.415756890535899,0.415756890535899,FALSE,0
6,700,71.255537327474,60.6067267174341,56.685815482456,56.4687452092808,0.00112776000741993,0.00296326004524894,0.253662995421108,0.410596998172625,0.410596998172625,FALSE,0
6,800,71.255537327474,60.6733750552424,56.8499458824548,56.6313525378771,0.00109968548737186,0.00289544039548171,0.250907883407478,0.405503725369059,0.405503725369059,FALSE,0
6,900,71.255537327474,60.738435079606,57.0107554732266,56.7906632109383,0.00107229941146866,0.00282866743803707,0.248198341353213,0.400477315267914,0.400477315267914,FALSE,0
6,1000,71.255537327474,60.8019424648247,57.1682738121225,56.9467067053792,0.00104558810472349,0.00276295828021071,0.245533817605392,0.395517948775371,0.395517948775371,FALSE,0
6,1100,71.255537327474,60.8639323504448,57.3225325469779,57.099514569768,0.00101953791453195,0.00269832766618725,0.242913757945876,0.390625747365771,0.390625747365771,FALSE,0
6,1200,71.255537327474,60.9244393298563,57.4735652717621,57.2491202809481,0.000994135230419676,0.00263478806803271,0.240337606149361,0.385800775829444,0.385800775829444,FALSE,0
6,1300,71.255537327474,60.9834974405159,57.6214073846573,57.3955591030858,0.000969366502330001,0.00257234977847968,0.23780480451202,0.381043044960557,0.381043044960557,FALSE,0
6,1400,71.255537327474,61.0411401557041,57.7660959489436,57.5388679495091,0.000945218257520029,0.00251102100509863,0.23531479435184,0.37635251418213,0.37635251418213,FALSE,0
6,1500,71.255537327474,61.0974003777265,57.9076695570065,57.6790852476636,0.000921677116103883,0.00245080796507509,0.232867016481737,0.371729094106081,0.371729094106081,FALSE,0
6,1600,71.255537327474,61.1523104324745,58.0461681977752,57.8162508074776,0.000898729805335832,0.00239171498055813,0.230460911656512,0.367172649026286,0.367172649026286,FALSE,0
6,1700,71.255537327474,61.2059020652608,58.1816331278288,57.9504056933853,0.000876363172664333,0.00233374457366508,0.228095920994703,0.362682999343289,0.362682999343289,FALSE,0
6,1800,71.255537327474,61.2582064378499,58.314106746408,58.0815921002312,0.000854564197637007,0.00227689756126526,0.225771486376332,0.3582599239194,0.3582599239194,FALSE,0
6,1900,71.255537327474,61.309254126604,58.443632474511,58.2098532332416,0.000833320002699688,0.00222117314882862,0.223487050817555,0.353903162363414,0.353903162363414,FALSE,0
6,2000,71.255537327474,61.359075121672,58.5702546382258,58.3352331922095,0.000812617862958368,0.00216656902306634,0.221242058823167,0.349612417244457,0.349612417244457,FALSE,0
6,2100,71.255537327474,61.4076988271458,58.694018356434,58.4577768600262,0.000792445214948305,0.00211308144334801,0.219035956717915,0.345387356234612,0.345387356234612,FALSE,0
6,2200,71.255537327474,61.4551540621188,58.8149694329677,58.5775297956447,0.000772789664477724,0.00206070533115003,0.216868192957517,0.341227614180445,0.341227614180445,FALSE,0
6,2300,71.255537327474,61.5014690625768,58.9331542533008,58.6945381315482,0.000753638993586057,0.00200943435782612,0.214738218420288,0.337132795103555,0.337132795103555,FALSE,0
6,2400,71.255537327474,61.5466714840606,59.0486196858121,58.808848475767,0.00073498116667391,0.00195926103013236,0.212645486680213,0.333102474130632,0.333102474130632,FALSE,0
6,2500,71.255537327474,61.5907884050376,59.1614129876382,58.920507818457,0.000716804335851521,0.00191017677341497,0.21058945426232,0.32913619935364,0.32913619935364,FALSE,0
6,2600,71.255537327474,61.6338463309272,59.2715817151236,59.0295634430483,0.00069909684556182,0.00186217201249837,0.208569580881133,0.325233493620877,0.325233493620877,FALSE,0
6,2700,71.255537327474,61.6758711987233,59.3791736388359,59.1360628419307,0.000681847236507305,0.00181523624980004,0.206585329663007,0.321393856259881,0.321393856259881,FALSE,0
6,2800,71.255537327474,61.7168883821622,59.4842366631182,59.240053636649,0.000665044248936753,0.001769358140976,0.204636167353068,0.31761676473321,0.31761676473321,FALSE,0
6,2900,71.255537327474,61.7569226973879,59.586818750114,59.341583502544,0.000648676825341729,0.00172452556761802,0.202721564507504,0.313901676228295,0.313901676228295,FALSE,0
6,3000,71.255537327474,61.795998409066,59.686967848203,59.4407000977739,0.000632734112573143,0.00168072570729254,0.200840995671896,0.310248029182627,0.310248029182627,FALSE,0
6,3100,71.255537327474,61.834139236904,59.7847318247614,59.5374509966345,0.00061720546345783,0.00163794510062942,0.198993939546251,0.306655244745642,0.306655244745642,FALSE,0
6,3200,71.255537327474,61.8713683625338,59.8801584031526,59.6318836270816,0.000602080437914383,0.00159616971555346,0.197179879137401,0.303122728178749,0.303122728178749,FALSE,0
6,3300,71.255537327474,61.9077084367205,59.9732951038463,59.7240452123559,0.000587348803630072,0.00155538500861464,0.195398301899375,0.299649870194988,0.299649870194988,FALSE,0
6,3400,71.255537327474,61.9431815868567,60.0641891895561,59.8139827165973,0.000573000536314358,0.00151557598348276,0.19364869986235,0.296236048239857,0.296236048239857,FALSE,0
6,3500,71.255537327474,61.9778094247106,60.1528876142701,59.9017427943282,0.000559025819579261,0.0014767272464813,0.191930569750739,0.292880627714904,0.292880627714904,FALSE,0
6,3600,71.255537327474,62.0116130543931,60.2394369760578,59.987371743687,0.000545415044452589,0.00143882305937962,0.190243413090984,0.289582963145702,0.289582963145702,FALSE,0
6,3700,71.255537327474,62.0446130805141,60.3238834735155,60.0709154632743,0.000532158808577841,0.00140184738929909,0.188586736309572,0.286342399295833,0.286342399295833,FALSE,0
6,3800,71.255537327474,62.0768296165,60.4062728657247,60.1524194124887,0.000519247915110747,0.00136578395595754,0.186960050821774,0.283158272228539,0.283158272228539,FALSE,0
6,3900,71.255537327474,62.1082822930443,60.4866504355794,60.231928575207,0.00050667337134667,0.00133061627611769,0.185362873111596,0.280029910317698,0.280029910317698,FALSE,0
6,4000,71.255537327474,62.1389902666672,60.5650609563532,60.3094874266817,0.000494426387096232,0.00129632770552081,0.183794724803403,0.276956635209782,0.276956635209782,FALSE,0
6,4100,71.255537327474,62.1689722283609,60.6415486613571,60.385139903508,0.000482498372841239,0.00126290147811434,0.182255132725655,0.273937762738464,0.273937762738464,FALSE,0
6,4200,71.255537327474,62.1982464122986,60.71615721656,60.4589293765288,0.000470880937683477,0.00123032074295458,0.180743628967184,0.270972603793484,0.270972603793484,FALSE,0
6,4300,71.255537327474,62.2268306045879,60.7889296960252,60.5308986265395,0.000459565887111791,0.00119856859856247,0.179259750926402,0.268060465145449,0.268060465145449,FALSE,0
6,4400,71.255537327474,62.254742152049,60.859908560028,60.6010898226506,0.000448545220606529,0.00116762812501725,0.177803041353839,0.265200650228127,0.265200650228127,FALSE,0
6,4500,71.255537327474,62.2819979710019,60.9291356357221,60.6695445031805,0.000437811129091715,0.00113748241382735,0.176373048388369,0.262392459879846,0.262392459879846,FALSE,0
6,4600,71.255537327474,62.3086145560452,60.9966521002121,60.7363035589384,0.000427355992266585,0.00110811459551357,0.174969325587477,0.259635193045579,0.259635193045579,FALSE,0
6,4700,71.255537327474,62.3346079888133,61.0624984659122,60.8014072187733,0.000417172375815163,0.00107950786531627,0.173591431951895,0.25692814744118,0.25692814744118,FALSE,0
6,4800,71.255537327474,62.3599939466986,61.1267145680548,60.8648950372568,0.000407253028523848,0.00105164550674913,0.172238931944934,0.254270620181341,0.254270620181341,FALSE,0
6,4900,71.255537327474,62.384787711525,61.189339554225,60.9268058843769,0.00039759087930106,0.00102451091331653,0.170911395506804,0.251661908372678,0.251661908372678,FALSE,0
6,5000,71.255537327474,62.409004178164,61.2504118758027,60.9871779371234,0.000388179034140707,0.000998087608441588,0.169608398064215,0.249101309673416,0.249101309673416,FALSE,0
6,5100,71.255537327474,62.4326578630802,61.3099692811906,61.046048672844,0.000379010773007787,0.000972359263617332,0.168329520535535,0.246588122821039,0.246588122821039,FALSE,0
6,5200,71.255537327474,62.4557629128006,61.3680488107148,61.1034548642618,0.000370079546687256,0.000947309714964659,0.167074349331749,0.244121648129261,0.244121648129261,FALSE,0
6,5300,71.255537327474,62.478333112296,61.4246867930887,61.1594325760395,0.000361378973577139,0.000922922978186948,0.165842476353489,0.241701187955665,0.241701187955665,FALSE,0
6,5400,71.255537327474,62.5003818932692,61.4799188433325,61.2140171627905,0.000352902836469034,0.000899183262095356,0.164633498984353,0.239326047141232,0.239326047141232,FALSE,0
6,5500,71.255537327474,62.5219223423426,61.5337798620473,61.2672432684317,0.000344645079291408,0.000876074980711653,0.163447020080735,0.236995533423045,0.236995533423045,FALSE,0
6,5600,71.255537327474,62.542967209139,61.5863040359453,61.3191448267793,0.000336599803845218,0.000853582764063971,0.162282647958392,0.234708957821327,0.234708957821327,FALSE,0
6,5700,71.255537327474,62.5635289142512,61.6375248395412,61.3697550632992,0.000328761266529107,0.000831691467733071,0.161139996375926,0.232465635002001,0.232465635002001,FALSE,0
6,5800,71.255537327474,62.5836195570943,61.6874750379178,61.4191064979198,0.00032112387507153,0.000810386181253409,0.160018684515393,0.230264883615865,0.230264883615865,FALSE,0
6,5900,71.255537327474,62.6032509236384,61.736186690477,61.4672309488208,0.000313682185258926,0.000789652235388484,0.158918336960204,0.228106026615455,0.228106026615455,FALSE,0
6,6000,71.255537327474,62.6224344940167,61.7836911555964,61.5141595371215,0.000306430897681373,0.000769475208398578,0.157838583670497,0.225988391550654,0.225988391550654,FALSE,0
6,6100,71.255537327474,62.6411814500072,61.8300190961171,61.559922692388,0.000299364854495892,0.00074984093138898,0.156779059956133,0.223911310844008,0.223911310844008,FALSE,0
6,6200,71.255537327474,62.6595026823845,61.8752004855811,61.6045501588885,0.000292479036206003,0.000730735492637565,0.155739406447485,0.221874122046756,0.221874122046756,FALSE,0
6,6300,71.255537327474,62.6774087981407,61.9192646151585,61.6480710025251,0.000285768558473731,0.000712145241252259,0.154719269064144,0.219876168076433,0.219876168076433,FALSE,0
6,6400,71.255537327474,62.6949101275728,61.962240101191,61.6905136183815,0.00027922866895347,0.000694056789912948,0.153718298981697,0.217916797436986,0.217916797436986,FALSE,0
6,6500,71.255537327474,62.7120167312363,62.0041548932944,61.7319057388185,0.000272854744166721,0.000676457016965447,0.152736152596706,0.215995364422218,0.215995364422218,FALSE,0
6,6600,71.255537327474,62.7287384067625,62.045036282958,61.7722744420655,0.000266642286404074,0.000659333067823451,0.151772491489992,0.214111229303368,0.214111229303368,FALSE,0
6,6700,71.255537327474,62.7450846955418,62.08491091259,61.811646161249,0.0002605869206758,0.000642672355774238,0.150826982388375,0.212263758501619,0.212263758501619,FALSE,0
6,6800,71.255537327474,62.7610648892693,62.1238047849535,61.8500466938082,0.000254684391694673,0.000626462562186193,0.149899297124945,0.21045232474627,0.21045232474627,FALSE,0
6,6900,71.255537327474,62.7766880363553,62.1617432729417,61.8875012112499,0.000248930560906275,0.00061069163615389,0.148989112597995,0.208676307219296,0.208676307219296,FALSE,0
6,7000,71.255537327474,62.7919629481996,62.1987511296595,61.9240342691966,0.000243321403568478,0.000595347793824916,0.148096110728699,0.206935091686927,0.206935091686927,FALSE,0
6,7100,71.255537327474,62.8068982053312,62.2348524987517,61.9596698176869,0.000237853005867914,0.000580419517055573,0.147219978417646,0.205228070618967,0.205228070618967,FALSE,0
6,7200,71.255537327474,62.8215021634121,62.2700709249507,61.9944312116861,0.000232521562091854,0.000565895551848673,0.146360407500297,0.203554643296401,0.203554643296401,FALSE,0
6,7300,71.255537327474,62.8357829591086,62.3044293648027,62.0283412217758,0.000227323371850836,0.00055176490634553,0.145517094701469,0.201914215907942,0.201914215907942,FALSE,0
6,7400,71.255537327474,62.8497485158295,62.337950197537,62.0614220449811,0.000222254837343919,0.000538016848497784,0.14468974158892,0.200306201636013,0.200306201636013,FALSE,0
6,7500,71.255537327474,62.8634065493329,62.3706552360465,62.0936953157091,0.000217312460684139,0.000524640903427741,0.1438780545261,0.198730020732782,0.198730020732782,FALSE,0
6,7600,71.255537327474,62.8767645732025,62.4025657379528,62.125182116768,0.000212492841269542,0.000511626850568695,0.143081744624164,0.19718510058668,0.19718510058668,FALSE,0
6,7700,71.255537327474,62.8898299041956,62.4337024167248,62.1559029904389,0.000207792673205615,0.000498964720501736,0.142300527693288,0.195670875779951,0.195670875779951,FALSE,0
6,7800,71.255537327474,62.9026096674648,62.4640854528285,62.185877949576,0.000203208742791241,0.00048664479163576,0.141534124193371,0.194186788137656,0.194186788137656,FALSE,0
6,7900,71.255537327474,62.9151108016525,62.4937345048798,62.2151264887109,0.000198737926037279,0.000474657586617887,0.140782259184182,0.192732286768613,0.192732286768613,FALSE,0
6,8000,71.255537327474,62.9273400638635,62.5226687207891,62.243667595142,0.000194377186262106,0.00046299386872136,0.140044662275002,0.19130682809864,0.19130682809864,FALSE,0
6,8100,71.255537327474,62.9393040345151,62.5509067488648,62.2715197599891,0.000190123571717913,0.00045164463791277,0.139321067573827,0.189909875896565,0.189909875896565,FALSE,0
6,8200,71.255537327474,62.9510091220677,62.5784667488695,62.2987009891923,0.000185974213285734,0.000440601126940011,0.138611213636174,0.188540901293321,0.188540901293321,FALSE,0
6,8300,71.255537327474,62.9624615676368,62.6053664030024,62.3252288144432,0.000181926322212575,0.000429854797192522,0.13791484341355,0.187199382794555,0.187199382794555,FALSE,0
6,8400,71.255537327474,62.9736674494904,62.6316229268064,62.3511203040335,0.000177977187907719,0.000419397334646389,0.137231704201628,0.185884806287017,0.185884806287017,FALSE,0
6,8500,71.255537327474,62.9846326874311,62.6572530799689,62.3763920736028,0.000174124175783995,0.000409220645494475,0.136561547588171,0.184596665039146,0.184596665039146,FALSE,0
6,8600,71.255537327474,62.9953630470681,62.682273177021,62.4010602967809,0.000170364725157459,0.000399316851955818,0.135904129400752,0.183334459696093,0.183334459696093,FALSE,0
6,8700,71.255537327474,63.005864143978,62.7066990979141,62.4251407157071,0.000166696347191605,0.000389678287896577,0.135259209654308,0.182097698269521,0.182097698269521,FALSE,0
6,8800,71.255537327474,63.0161414477597,62.7305462984679,62.4486486514232,0.000163116622894688,0.000380297494476091,0.134626552498574,0.180885896122442,0.180885896122442,FALSE,0
6,8900,71.255537327474,63.0262002859828,62.753829820679,62.4715990141252,0.000159623201166279,0.000371167215735223,0.13400592616542,0.179698575949395,0.179698575949395,FALSE,0
6,9000,71.255537327474,63.0360458480332,62.7765643028862,62.4940063132715,0.000156213796892603,0.000362280394234201,0.133397102916141,0.178535267752179,0.178535267752179,FALSE,0
6,9100,71.255537327474,63.0456831888581,62.7987639897808,62.5158846675389,0.00015288618908888,0.000353630166625778,0.132799858988725,0.177395508811425,0.177395508811425,FALSE,0
6,9200,71.255537327474,63.0551172326118,62.8204427422618,62.5372478146195,0.000149638219090785,0.000345209859298243,0.132213974545137,0.176278843654218,0.176278843654218,FALSE,0
6,9300,71.255537327474,63.0643527762049,62.8416140471275,62.5581091208571,0.000146467788792185,0.000337012984014842,0.131639233618638,0.175184824018,0.175184824018,FALSE,0
6,9400,71.255537327474,63.0733944927588,62.8622910265957,62.5784815907142,0.000143372858926049,0.000329033233498963,0.131075424061188,0.174113008810987,0.174113008810987,FALSE,0
6,9500,71.255537327474,63.0822469349679,62.8824864476594,62.59837787607,0.000140351447393545,0.000321264477222849,0.130522337490938,0.17306296406926,0.17306296406926,FALSE,0
6,9600,71.255537327474,63.0909145383717,62.9022127312646,62.6178102853455,0.000137401627637239,0.000313700757071796,0.129979769239853,0.172034262910776,0.172034262910776,FALSE,0
6,9700,71.255537327474,63.0994016245388,62.921481961314,62.6367907924525,0.000134521527056398,0.000306336283140863,0.129447518301493,0.171026485486444,0.171026485486444,FALSE,0
6,9800,71.255537327474,63.1077124041639,62.9403058934929,62.6553310455659,0.000131709325463296,0.000299165429549268,0.128925387278954,0.170039218928469,0.170039218928469,FALSE,0
6,9900,71.255537327474,63.1158509800819,62.9586959639129,62.6734423757167,0.000128963253585554,0.000292182730270343,0.128413182333025,0.16907205729614,0.16907205729614,FALSE,0
6,10000,71.255537327474,63.1238213501991,62.9766632975826,62.6911358052074,0.000126281591602888,0.000285382875147688,0.127910713130555,0.168124601519187,0.168124601519187,FALSE,0
6,10100,71.255537327474,63.1316274103447,62.9942187166918,62.7084220558481,0.000123662667732236,0.000278760705791292,0.127417792793063,0.167196459338916,0.167196459338916,FALSE,0
6,10200,71.255537327474,63.1392729570445,63.0113727487202,62.7253115570113,0.000121104856843498,0.000272311211691947,0.12693423784561,0.166287245247224,0.166287245247224,FALSE,0
6,10300,71.255537327474,63.1467616902181,63.0281356343624,62.7418144535102,0.000118606579120122,0.000266029526273872,0.126459868165949,0.16539658042369,0.16539658042369,FALSE,0
6,10400,71.255537327474,63.1540972158016,63.0445173352782,62.757940613297,0.000116166298749185,0.000259910923128362,0.125994506933979,0.164524092670812,0.164524092670812,FALSE,0
6,10500,71.255537327474,63.161283048299,63.060527541662,62.7736996349862,0.000113782522657717,0.000253950812228821,0.125537980581501,0.1636694163476,0.1636694163476,FALSE,0
6,10600,71.255537327474,63.168322613262,63.0761756796387,62.7891008552003,0.000111453799278603,0.000248144736282624,0.125090118742319,0.16283219230158,0.16283219230158,FALSE,0
6,10700,71.255537327474,63.1752192497021,63.0914709184806,62.8041533557429,0.000109178717349792,0.000242488367074814,0.124650754202675,0.162012067799388,0.162012067799388,FALSE,0
6,10800,71.255537327474,63.1819762124349,63.1064221776552,62.8188659705969,0.000106955904752462,0.000236977501981415,0.124219722852051,0.161208696456036,0.161208696456036,FALSE,0
6,10900,71.255537327474,63.1885966743601,63.1210381336976,62.8332472927553,0.000104784027377849,0.000231608060449086,0.123796863634345,0.160421738162981,0.160421738162981,FALSE,0
6,11000,71.255537327474,63.1950837286779,63.1353272269181,62.8473056808812,0.000102661788030656,0.000226376080668732,0.12338201849943,0.159650859015087,0.159650859015087,FALSE,0
6,11100,71.255537327474,63.2014403910429,63.1492976679379,62.8610492658029,0.000100587925357213,0.000221277716193138,0.122975032355114,0.15889573123662,0.15889573123662,FALSE,0
6,11200,71.255537327474,63.2076696016594,63.1629574440665,62.8744859568452,9.85612128127423e-05,0.000216309232770067,0.122575753019516,0.158156033106316,0.158156033106316,FALSE,0
6,11300,71.255537327474,63.2137742273167,63.1763143255085,62.8876234479976,9.6580457653112e-05,0.000211467005069831,0.122184031173853,0.157431448881695,0.157431448881695,FALSE,0
6,11400,71.255537327474,63.2197570633686,63.1893758714207,62.9004692239275,9.46444999543293e-05,0.000206747513710759,0.121799720315667,0.156721668722638,0.156721668722638,FALSE,0
6,11500,71.255537327474,63.2256208356571,63.2021494358036,62.9130305658334,9.27522116635047e-05,0.000202147342123673,0.121422676712492,0.156026388614369,0.156026388614369,FALSE,0
6,11600,71.255537327474,63.2313682023821,63.2146421732457,62.9253145571482,9.09024956822019e-05,0.000197663173700369,0.121052759355967,0.15534531028991,0.15534531028991,FALSE,0
6,11700,71.255537327474,63.2370017559192,63.2268610445114,62.9373280890898,8.90942849600675e-05,0.000193291788825395,0.12068982991641,0.154678141152076,0.154678141152076,FALSE,0
6,11800,71.255537327474,63.2425240245859,63.2388128219841,62.9490778660652,8.73265416355382e-05,0.000189030062148682,0.120333752697859,0.15402459419512,0.15402459419512,FALSE,0
6,11900,71.255537327474,63.2479374743595,63.2505040949617,62.9605704109304,8.55982561899578e-05,0.00018487495979063,0.119984394593583,0.153384387926069,0.153384387926069,FALSE,0
6,12000,71.255537327474,63.2532445105448,63.2619412748134,62.9718120701082,8.39084466194422e-05,0.000180823536749956,0.119641625042077,0.152757246285851,0.152757246285851,FALSE,0
6,12100,71.255537327474,63.2584474793974,63.27313059999,62.982809018566,8.22561576541112e-05,0.00017687293420139,0.119305315983536,0.152142898570271,0.152142898570271,FALSE,0
6,12200,71.255537327474,63.2635486696994,63.2840781409045,62.9935672646603,8.06404599748779e-05,0.000173020377064891,0.118975341816825,0.151541079350907,0.151541079350907,FALSE,0
6,12300,71.255537327474,63.2685503142923,63.2947898046756,63.0040926548464,7.90604494691171e-05,0.00016926317149277,0.118651579356945,0.150951528395975,0.150951528395975,FALSE,0
6,12400,71.255537327474,63.2734545915657,63.3052713397425,63.0143908782599,7.75152465023844e-05,0.000165598702503294,0.118333907792993,0.150373990591243,0.150373990591243,FALSE,0
6,12500,71.255537327474,63.2782636269056,63.3155283403497,63.0244674711691,7.6003995212803e-05,0.000162024431617805,0.118022208646637,0.149808215861055,0.149808215861055,FALSE,0
6,12600,71.255537327474,63.2829794941006,63.3255662509088,63.0343278213058,7.45258628268754e-05,0.000158537894608533,0.117716365731088,0.149253959089492,0.149253959089492,FALSE,0
6,12700,71.255537327474,63.2876042167097,63.3353903702394,63.043977172074,7.3080038993913e-05,0.000155136699318563,0.117416265110587,0.148710980041755,0.148710980041755,FALSE,0
6,12800,71.255537327474,63.2921397693912,63.3450058556889,63.0534206266401,7.1665735141783e-05,0.000151818523471394,0.117121795060409,0.148179043285806,0.148179043285806,FALSE,0
6,12900,71.255537327474,63.2965880791948,63.3544177271375,63.0626631519088,7.02821838501671e-05,0.000148581112613644,0.116832846027375,0.147657918114319,0.147657918114319,FALSE,0
6,13000,71.255537327474,63.3009510268166,63.3636308708909,63.0717095823866,6.89286382453899e-05,0.00014542227809671,0.116549310590889,0.147147378466983,0.147147378466983,FALSE,0
6,13100,71.255537327474,63.3052304478203,63.3726500434613,63.0805646239336,6.76043714075188e-05,0.0001423398950857,0.116271083424485,0.1466472028532,0.1466472028532,FALSE,0
6,13200,71.255537327474,63.3094281338227,63.3814798752424,63.0892328574125,6.63086758023363e-05,0.000139331900671675,0.115998061257901,0.146157174275235,0.146157174275235,FALSE,0
6,13300,71.255537327474,63.3135458336471,63.3901248740782,63.0977187422298,6.50408627244054e-05,0.000136396291989517,0.11573014283967,0.145677080151837,0.145677080151837,FALSE,0
6,13400,71.255537327474,63.3175852544441,63.3985894287308,63.1060266197773,6.3800261758561e-05,0.000133531124436147,0.115467228900229,0.145206712242375,0.145206712242375,FALSE,0
6,13500,71.255537327474,63.3215480627811,63.4068778122475,63.114160716774,6.25862202582922e-05,0.000130734509890831,0.115209222115554,0.144745866571537,0.144745866571537,FALSE,0
6,13600,71.255537327474,63.325435885701,63.4149941852343,63.1221251485146,6.13981028401608e-05,0.000128004615064045,0.114956027071307,0.144294343354601,0.144294343354601,FALSE,0
6,13700,71.255537327474,63.3292503117522,63.422942599032,63.1299239220199,6.02352908880166e-05,0.000125339659804887,0.114707550227507,0.143851946923326,0.143851946923326,FALSE,0
6,13800,71.255537327474,63.3329928919889,63.4307269988007,63.1375609391001,5.90971820800771e-05,0.000122737915487609,0.114463699883719,0.143418485652505,0.143418485652505,FALSE,0
6,13900,71.255537327474,63.3366651409442,63.4383512265176,63.1450399993266,5.79831899233243e-05,0.000120197703504914,0.114224386144755,0.142993771887159,0.142993771887159,FALSE,0
6,14000,71.255537327474,63.340268537576,63.4458190238867,63.1523648029213,5.68927433073937e-05,0.00011771739373353,0.113989520886896,0.142577621870465,0.142577621870465,FALSE,0
6,14100,71.255537327474,63.3438045261864,63.453134035163,63.1595389535573,5.58252860626417e-05,0.000115295403051032,0.113759017724621,0.142169855672376,0.142169855672376,FALSE,0
6,14200,71.255537327474,63.3472745173157,63.460299809897,63.1665659610825,5.47802765448923e-05,0.000112930193961152,0.113532791977845,0.14177029711901,0.14177029711901,FALSE,0
6,14300,71.255537327474,63.3506798886117,63.467319805597,63.1734492441606,5.37571872176427e-05,0.000110620273163345,0.113310760639678,0.141378773722785,0.141378773722785,FALSE,0
6,14400,71.255537327474,63.3540219856746,63.4741973903156,63.1801921328373,5.27555042629833e-05,0.00010836419025791,0.113092842344668,0.140995116613351,0.140995116613351,FALSE,0
6,14500,71.255537327474,63.3573021228788,63.4809358451618,63.1867978710324,5.17747271823733e-05,0.000106160536458388,0.112878957337569,0.140619160469315,0.140619160469315,FALSE,0
6,14600,71.255537327474,63.360521584172,63.4875383667354,63.1932696189542,5.08143684365875e-05,0.000104007943260584,0.112669027442589,0.140250743450787,0.140250743450787,FALSE,0
6,14700,71.255537327474,63.3636816238519,63.4940080694949,63.1996104554497,4.98739530683717e-05,0.000101905081311873,0.11246297603315,0.139889707132756,0.139889707132756,FALSE,0
6,14800,71.255537327474,63.3667834673218,63.5003479880557,63.2058233802828,4.89530183603768e-05,9.98506591962015e-05,0.112260728002124,0.139535896439308,0.139535896439308,FALSE,0
6,14900,71.255537327474,63.3698283118254,63.5065610794187,63.2119113163452,4.80511134850399e-05,9.78434222788799e-05,0.112062209732575,0.1391891595787,0.1391891595787,FALSE,0
6,15000,71.255537327474,63.3728173271611,63.5126502251345,63.2178771118036,4.71677991767745e-05,9.58821515808902e-05,0.111867349068971,0.138849347979306,0.138849347979306,FALSE,0
6,15100,71.255537327474,63.3757516563769,63.5186182334063,63.2237235421855,4.63026474060243e-05,9.39656627558637e-05,0.111676075288886,0.138516316226425,0.138516316226425,FALSE,0
6,15200,71.255537327474,63.3786324164464,63.5244678411297,63.2294533124005,4.54552410697305e-05,9.20928050087003e-05,0.111488319075172,0.138189921999974,0.138189921999974,FALSE,0
6,15300,71.255537327474,63.381460698926,63.5302017158721,63.2350690587059,4.46251736859588e-05,9.02624600765956e-05,0.111304012488609,0.137870026013088,0.137870026013088,FALSE,0
6,15400,71.255537327474,63.3842375705939,63.5358224577955,63.2405733506117,4.38120490963604e-05,8.84735412698993e-05,0.111123088941021,0.137556491951584,0.137556491951584,FALSE,0
6,15500,71.255537327474,63.3869640740727,63.5413326015238,63.2459686927324,4.30154811863066e-05,8.67249925349013e-05,0.110945483168851,0.137249186414336,0.137249186414336,FALSE,0
6,15600,71.255537327474,63.3896412284334,63.5467346179507,63.251257526582,4.22350936014814e-05,8.5015787452042e-05,0.110771131207197,0.136947978854571,0.136947978854571,FALSE,0
6,15700,71.255537327474,63.3922700297849,63.5520309160028,63.2564422323191,4.14705194807535e-05,8.33449284838586e-05,0.110599970364305,0.136652741522031,0.136652741522031,FALSE,0
6,15800,71.255537327474,63.3948514518455,63.5572238443431,63.2615251304387,4.07214011961109e-05,8.17114459675518e-05,0.110431939196506,0.13636334940607,0.13636334940607,FALSE,0
6,15900,71.255537327474,63.3973864465005,63.5623156930293,63.2665084834144,3.99873900948174e-05,8.01143973602099e-05,0.110266977483597,0.13607968017964,0.13607968017964,FALSE,0
6,16000,71.255537327474,63.3998759443438,63.5673086951221,63.271394497295,3.92681462575576e-05,7.85528664020364e-05,0.110105026204663,0.135801614144192,0.135801614144192,FALSE,0
6,16100,71.255537327474,63.4023208552052,63.5722050282482,63.2761853232525,3.85633382552891e-05,7.70259623472958e-05,0.10994602751433,0.13552903417547,0.13552903417547,FALSE,0
6,16200,71.255537327474,63.4047220686633,63.5770068161137,63.2808830590837,3.78726429205882e-05,7.55328191525017e-05,0.109789924719446,0.13526182567022,0.13526182567022,FALSE,0
6,16300,71.255537327474,63.4070804545447,63.5817161299783,63.2854897506709,3.71957451184517e-05,7.40725948019223e-05,0.109636662256187,0.134999876493782,0.134999876493782,FALSE,0
6,16400,71.255537327474,63.4093968634098,63.5863349900828,63.2900073933971,3.65323375324535e-05,7.26444705419042e-05,0.109486185667579,0.134743076928586,0.134743076928586,FALSE,0
6,16500,71.255537327474,63.4116721270255,63.5908653670365,63.2944379335228,3.58821204468513e-05,7.1247650213379e-05,0.109338441581433,0.134491319623544,0.134491319623544,FALSE,0
6,16600,71.255537327474,63.4139070588251,63.5953091831642,63.2987832695188,3.524480154312e-05,6.9881359564741e-05,0.109193377688682,0.134244499544315,0.134244499544315,FALSE,0
6,16700,71.255537327474,63.4161024543564,63.5996683138138,63.3030452533643,3.46200957023803e-05,6.85448456108297e-05,0.109050942722128,0.134002513924462,0.134002513924462,FALSE,0
6,16800,71.255537327474,63.4182590917168,63.6039445886254,63.3072256918044,3.40077248050789e-05,6.72373759966799e-05,0.108911086435577,0.133765262217478,0.133765262217478,FALSE,0
6,16900,71.255537327474,63.4203777319784,63.6081397927649,63.311326347572,3.34074175470718e-05,6.59582383857331e-05,0.108773759583366,0.133532646049681,0.133532646049681,FALSE,0
6,17000,71.255537327474,63.4224591196001,63.6122556681195,63.3153489405736,3.28189092540547e-05,6.47067398610261e-05,0.10863891390028,0.133304569173979,0.133304569173979,FALSE,0
6,17100,71.255537327474,63.4245039828297,63.6162939144611,63.3192951490427,3.22419417040787e-05,6.34822063643004e-05,0.108506502081837,0.133080937424474,0.133080937424474,FALSE,0
6,17200,71.255537327474,63.4265130340957,63.6202561905744,63.3231666106565,3.1676262955339e-05,6.22839821292736e-05,0.108376477764959,0.13286165867193,0.13286165867193,FALSE,0
6,17300,71.255537327474,63.4284869703876,63.6241441153534,63.3269649236232,3.11216271782159e-05,6.11114291541326e-05,0.108248795509002,0.132646642780059,0.132646642780059,FALSE,0
6,17400,71.255537327474,63.430426473627,63.6279592688645,63.330691647736,3.05777944906638e-05,5.99639266539791e-05,0.108123410777156,0.132435801562661,0.132435801562661,FALSE,0
6,17500,71.255537327474,63.432332211029,63.6317031933809,63.3343483053976,3.00445308020907e-05,5.88408705768225e-05,0.108000279918192,0.132229048741567,0.132229048741567,FALSE,0
6,17600,71.255537327474,63.4342048354534,63.6353773943863,63.3379363826153,2.95216076583248e-05,5.77416731116803e-05,0.10787936014857,0.132026299905397,0.132026299905397,FALSE,0
6,17700,71.255537327474,63.4360449857473,63.6389833415496,63.3414573299656,2.90088020920293e-05,5.66657622068278e-05,0.107760609534888,0.13182747246913,0.13182747246913,FALSE,0
6,17800,71.255537327474,63.4378532870788,63.642522469672,63.3449125635342,2.85058964799007e-05,5.56125811020515e-05,0.107643986976677,0.131632485634457,0.131632485634457,FALSE,0
6,17900,71.255537327474,63.4396303512612,63.6459961796068,63.3483034658268,2.80126783983533e-05,5.45815879079009e-05,0.10752945218952,0.131441260350919,0.131441260350919,FALSE,0
6,18000,71.255537327474,63.4413767770696,63.6494058391523,63.3516313866525,2.75289404870916e-05,5.35722551325135e-05,0.107416965688511,0.131253719277823,0.131253719277823,FALSE,0
6,18100,71.255537327474,63.4430931505492,63.6527527839198,63.354897643986,2.70544803216836e-05,5.25840692989989e-05,0.107306488772037,0.131069786746917,0.131069786746917,FALSE,0
6,18200,71.255537327474,63.4447800453148,63.6560383181774,63.3581035248017,2.6589100275638e-05,5.16165305330787e-05,0.107197983505872,0.130889388725814,0.130889388725814,FALSE,0
6,18300,71.255537327474,63.4464380228434,63.6592637156673,63.3612502858849,2.61326074006534e-05,5.06691521351351e-05,0.107091412707593,0.130712452782171,0.130712452782171,FALSE,0
6,18400,71.255537327474,63.4480676327588,63.6624302204036,63.3643391546202,2.56848133044228e-05,4.9741460260979e-05,0.106986739931297,0.130538908048577,0.130538908048577,FALSE,0
6,18500,71.255537327474,63.4496694131093,63.6655390474429,63.367371329757,2.52455340282296e-05,4.88329934711844e-05,0.106883929452629,0.130368685188187,0.130368685188187,FALSE,0
6,18600,71.255537327474,63.4512438906373,63.6685913836387,63.3703479821545,2.48145899359753e-05,4.7943302474899e-05,0.106782946254098,0.130201716361039,0.130201716361039,FALSE,0
6,18700,71.255537327474,63.4527915810434,63.6715883883671,63.3732702555032,2.43918056007473e-05,4.7071949657558e-05,0.106683756010692,0.130037935191104,0.130037935191104,FALSE,0
6,18800,71.255537327474,63.4543129892423,63.6745311942403,63.3761392670288,2.39770096948557e-05,4.62185088781056e-05,0.106586325075784,0.129877276733977,0.129877276733977,FALSE,0
6,18900,71.255537327474,63.4558086096132,63.6774209077922,63.3789561081735,2.35700348862488e-05,4.53825650183762e-05,0.106490620467308,0.129719677445294,0.129719677445294,FALSE,0
6,19000,71.255537327474,63.4572789262431,63.68025861015,63.38172184526,2.3170717734467e-05,4.45637137514609e-05,0.106396609854226,0.129565075149779,0.129565075149779,FALSE,0
6,19100,71.255537327474,63.4587244131645,63.6830453576857,63.3844375201367,2.27788985890474e-05,4.37615612197668e-05,0.106304261543261,0.129413409010959,0.129413409010959,FALSE,0
6,19200,71.255537327474,63.4601455345866,63.6857821826474,63.3871041508032,2.23944214960808e-05,4.29757237006577e-05,0.106213544465894,0.129264619501523,0.129264619501523,FALSE,0
6,19300,71.255537327474,63.461542745121,63.6884700937746,63.3897227320196,2.20171341020585e-05,4.22058273462374e-05,0.106124428165632,0.129118648374314,0.129118648374314,FALSE,0
6,19400,71.255537327474,63.4629164900012,63.6911100768959,63.3922942358991,2.16468875616103e-05,4.14515079013932e-05,0.106036882785527,0.12897543863394,0.12897543863394,FALSE,0
6,19500,71.255537327474,63.4642672052975,63.693703095511,63.3948196124823,2.12835364483466e-05,4.07124104447125e-05,0.105950879055955,0.12883493450899,0.12883493450899,FALSE,0
6,19600,71.255537327474,63.4655953181249,63.6962500913545,63.3972997902976,2.09269386683521e-05,3.99881890940123e-05,0.105866388282634,0.128697081424863,0.128697081424863,FALSE,0
6,19700,71.255537327474,63.4669012468477,63.6987519849453,63.3997356769042,2.0576955377001e-05,3.92785067752005e-05,0.105783382334894,0.128561825977177,0.128561825977177,FALSE,0
6,19800,71.255537327474,63.4681854012776,63.7012096761215,63.4021281594212,2.02334508949469e-05,3.85830349831508e-05,0.105701833634183,0.12842911590575,0.12842911590575,FALSE,0
6,19900,71.255537327474,63.469448182867,63.7036240445576,63.4044781050412,1.98962926291064e-05,3.79014534945345e-05,0.105621715142808,0.128298900069169,0.128298900069169,FALSE,0
6,20000,71.255537327474,63.4706899848982,63.7059959502717,63.4067863615308,1.95653509965061e-05,3.72334502100671e-05,0.105543000352909,0.12817112841989,0.12817112841989,FALSE,0
7,1,69.3756426768707,57.3358024507035,53.4387174366182,53.364161846911,NA,NA,0.246847751875705,0.399901741521491,0.399901741521491,FALSE,0
7,100,69.3756426768707,57.394863473552,53.5770986906766,53.5020169225128,0.00103008975760435,0.00258953172337284,0.244301212353849,0.395384499161729,0.395384499161729,FALSE,0
7,200,69.3756426768707,57.4533103485492,53.7144747848311,53.6388676998934,0.00101832936712345,0.00256408236936482,0.241763901389959,0.390869412937585,0.390869412937585,FALSE,0
7,300,69.3756426768707,57.5105639196775,53.8494513980379,53.7733252109805,0.000996523451493881,0.00251285363484393,0.239261365484191,0.386402614201971,0.386402614201971,FALSE,0
7,400,69.3756426768707,57.5666474959293,53.9820454739233,53.9054064018329,0.000975187381751318,0.0024623106167838,0.236793248524412,0.381984326772124,0.381984326772124,FALSE,0
7,500,69.3756426768707,57.6215841033059,54.1122752335919,54.0351294915542,0.000954313126893161,0.00241246433930526,0.234359191583723,0.377614736252476,0.377614736252476,FALSE,0
7,600,69.3756426768707,57.6753964769807,54.2401601030663,54.1625138999071,0.000933892646517859,0.00236332456771269,0.231958833278998,0.373293991483063,0.373293991483063,FALSE,0
7,700,69.3756426768707,57.7281070542862,54.3657206415092,54.2875801757045,0.00091391790130958,0.00231489984919586,0.22959181011409,0.369022205966928,0.369022205966928,FALSE,0
7,800,69.3756426768707,57.7797379684857,54.488978470384,54.4103499261435,0.000894380862877787,0.0022671975542746,0.227257756808146,0.364799459274987,0.364799459274987,FALSE,0
7,900,69.3756426768707,57.8303110432941,54.6099562037094,54.5308457472314,0.00087527352297856,0.00222022391906507,0.224956306609473,0.360625798426792,0.360625798426792,FALSE,0
7,1000,69.3756426768707,57.8798477881106,54.7286773795508,54.6490911554475,0.000856587902136533,0.00217398408814916,0.222687091595396,0.356501239245882,0.356501239245882,FALSE,0
7,1100,69.3756426768707,57.9283693939279,54.8451663928686,54.7651105207607,0.000838316057686952,0.0021284821577165,0.220449742958541,0.352425767688598,0.352425767688598,FALSE,0
7,1200,69.3756426768707,57.9758967298836,54.9594484298408,54.8789290011204,0.000820450091258661,0.00208372121899687,0.218243891279957,0.348399341145366,0.348399341145366,FALSE,0
7,1300,69.3756426768707,58.0224503404203,55.0715494037622,54.9905724785202,0.000802982155733674,0.00203970340176404,0.216069166789514,0.344421889713555,0.344421889713555,FALSE,0
7,1400,69.3756426768707,58.0680504430206,55.1814958926028,55.100067496722,0.000785904461681307,0.00199642991764149,0.213925199613977,0.340493317441252,0.340493317441252,FALSE,0
7,1500,69.3756426768707,58.1127169264852,55.2893150783121,55.2074412007185,0.000769209283312279,0.00195390110335556,0.211811620013165,0.336613503541301,0.336613503541301,FALSE,0
7,1600,69.3756426768707,58.1564693497244,55.3950346879295,55.3127212780031,0.000752888963952523,0.00191211646350792,0.209728058604594,0.332782303575189,0.332782303575189,FALSE,0
7,1700,69.3756426768707,58.1993269410315,55.4986829365562,55.4159359016967,0.000736935921081794,0.00187107471293471,0.207674146576989,0.328999550606403,0.328999550606403,FALSE,0
7,1800,69.3756426768707,58.2413085978095,55.6002884722392,55.5171136755826,0.000721342650929499,0.00183077381852802,0.205649515893052,0.325265056322982,0.325265056322982,FALSE,0
7,1900,69.3756426768707,58.2824328867234,55.6998803227998,55.6162835810821,0.000706101732670057,0.00179121104039371,0.203653799481859,0.321578612129106,0.321578612129106,FALSE,0
7,2000,69.3756426768707,58.3227180442511,55.7974878446288,55.713474926197,0.000691205832228745,0.00175238297216042,0.201686631421239,0.31793999020573,0.31793999020573,FALSE,0
7,2100,69.3756426768707,58.362181977607,55.893140673481,55.8087172964407,0.000676647705718043,0.00171428558071511,0.199747647110508,0.314348944540102,0.314348944540102,FALSE,0
7,2200,69.3756426768707,58.400842266012,55.9868686772594,55.9020405077618,0.000662420202517496,0.00167691424473717,0.197836483433895,0.31080521192445,0.31080521192445,FALSE,0
7,2300,69.3756426768707,58.4387161622881,56.0787019108104,55.9934745614704,0.000648516268028618,0.00164026379257457,0.195952778914994,0.307308512923832,0.307308512923832,FALSE,0
7,2400,69.3756426768707,58.4758205947529,56.1686705727118,56.0830496011545,0.000634928946107694,0.00160432853892588,0.194096173862591,0.30385855281345,0.30385855281345,FALSE,0
7,2500,69.3756426768707,58.5121721693928,56.2568049640522,56.1707958715845,0.00062165138120718,0.00156910232059596,0.192266310508152,0.30045502248568,0.30045502248568,FALSE,0
7,2600,69.3756426768707,58.5477871722933,56.3431354491791,56.2567436795792,0.00060867682022349,0.00153457853111385,0.190462833135327,0.29709759932712,0.29709759932712,FALSE,0
7,2700,69.3756426768707,58.5826815723061,56.4276924183968,56.3409233568215,0.000595998614092091,0.00150075015427413,0.188685388201739,0.29378594806608,0.29378594806608,FALSE,0
7,2800,69.3756426768707,58.6168710239354,56.510506252588,56.4233652245901,0.000583610219124053,0.00146760979657228,0.186933624453364,0.29051972159084,0.29051972159084,FALSE,0
7,2900,69.3756426768707,58.6503708704223,56.5916072897245,56.5040995603769,0.000571505198106402,0.00143514971842664,0.185207193031795,0.287298561739221,0.287298561739221,FALSE,0
7,3000,69.3756426768707,58.6831961470126,56.6710257932352,56.5831565663589,0.000559677221186383,0.0014033618643142,0.183505747574659,0.284122100059881,0.284122100059881,FALSE,0
7,3100,69.3756426768707,58.7153615843895,56.7487919221899,56.6605663396798,0.000548120066540273,0.00137223789169446,0.181828944309453,0.280989958545874,0.280989958545874,FALSE,0
7,3200,69.3756426768707,58.7468816122564,56.8249357032617,56.7363588445068,0.000536827620852826,0.00134176919882659,0.180176442141073,0.277901750340991,0.277901750340991,FALSE,0
7,3300,69.3756426768707,58.7777703630545,56.8994870044172,56.810563885811,0.000525793879612812,0.00131194695133249,0.178547902733276,0.27485708041946,0.27485708041946,FALSE,0
7,3400,69.3756426768707,58.8080416758013,56.9724755102936,56.8832110848308,0.000515012947240426,0.00128276210769165,0.176942990584321,0.271855546239564,0.271855546239564,FALSE,0
7,3500,69.3756426768707,58.8377091000366,57.0439306992125,56.9543298561675,0.00050447903704688,0.00125420544357488,0.17536137309704,0.268896738371744,0.268896738371744,FALSE,0
7,3600,69.3756426768707,58.866785899862,57.1138818217774,57.0239493864606,0.000494186471061122,0.00122626757496362,0.173802720643548,0.265980241101849,0.265980241101849,FALSE,0
7,3700,69.3756426768707,58.8952850580652,57.1823578810094,57.0920986145985,0.000484129679708723,0.00119893898029249,0.172266706624824,0.263105633010058,0.263105633010058,FALSE,0
7,3800,69.3756426768707,58.9232192803134,57.2493876139627,57.1588062134034,0.000474303201362643,0.00117221002136304,0.17075300752538,0.260272487526169,0.260272487526169,FALSE,0
7,3900,69.3756426768707,58.9506009994093,57.3149994747718,57.2241005727461,0.000464701681786604,0.0011460709632667,0.169261302963221,0.257480373461825,0.257480373461825,FALSE,0
7,4000,69.3756426768707,58.9774423795966,57.3792216190747,57.2880097840314,0.000455319873458548,0.00112051199321879,0.167791275735294,0.254728855520314,0.254728855520314,FALSE,0
7,4100,69.3756426768707,59.003755320908,57.4420818897581,57.3505616260035,0.000446152634800155,0.00109552323837289,0.166342611858625,0.252017494784577,0.252017494784577,FALSE,0
7,4200,69.3756426768707,59.0295514635451,57.5036078039734,57.4117835518178,0.000437194929318467,0.00107109478262575,0.164915000607327,0.249345849184046,0.249345849184046,FALSE,0
7,4300,69.3756426768707,59.0548421922825,57.5638265413694,57.4717026773259,0.000428441824651053,0.001047216682495,0.163508134545655,0.246713473940896,0.246713473940896,FALSE,0
7,4400,69.3756426768707,59.0796386408893,57.6227649334845,57.5303457705187,0.000419888491548828,0.00102387898192916,0.162121709557297,0.244119921996408,0.244119921996408,FALSE,0
7,4500,69.3756426768707,59.1039516965593,57.6804494542553,57.5877392420801,0.000411530202779675,0.00100107172638167,0.16075542487105,0.241564744417958,0.241564744417958,FALSE,0
7,4600,69.3756426768707,59.1277920043445,57.7369062115817,57.6439091369957,0.000403362331974912,0.000978784975854849,0.15940898308305,0.23904749078731,0.23904749078731,FALSE,0
7,4700,69.3756426768707,59.1511699715846,57.7921609398996,57.6988811271673,0.000395380352413115,0.00095700881712294,0.158082090175725,0.236567709570784,0.236567709570784,FALSE,0
7,4800,69.3756426768707,59.1740957723273,57.8462389937152,57.7526805049837,0.000387579835762037,0.000935733375187271,0.156774455533592,0.234124948471878,0.234124948471878,FALSE,0
7,4900,69.3756426768707,59.1965793517341,57.8991653420488,57.8053321777989,0.000379956450762466,0.000914948823886004,0.155485791956077,0.231718754766941,0.231718754766941,FALSE,0
7,5000,69.3756426768707,59.2186304304659,57.9509645637379,57.8568606632702,0.000372505961886106,0.000894645395716785,0.154215815667469,0.229348675624475,0.229348675624475,FALSE,0
7,5100,69.3756426768707,59.2402585090449,58.00166084356,57.9072900855085,0.000365224227946934,0.000874813391007432,0.152964246324166,0.227014258408599,0.227014258408599,FALSE,0
7,5200,69.3756426768707,59.2614728721877,58.0512779691254,57.9566441719994,0.000358107200689019,0.00085544318634492,0.151730807019318,0.224715050967238,0.224715050967238,FALSE,0
7,5300,69.3756426768707,59.2822825931054,58.099839328494,58.0049462512466,0.00035115092334296,0.000836525242295825,0.150515224285017,0.222450601905591,0.222450601905591,FALSE,0
7,5400,69.3756426768707,59.3026965377688,58.147367908479,58.0522192510974,0.000344351529166514,0.000818050110539321,0.149317228092134,0.220220460845389,0.220220460845389,FALSE,0
7,5500,69.3756426768707,59.3227233691332,58.193886293594,58.09848569771,0.00033770523995734,0.000800008440419315,0.148136551847936,0.218024178670431,0.218024178670431,FALSE,0
7,5600,69.3756426768707,59.3423715513217,58.2394166655997,58.1437677151219,0.000331208364562481,0.000782390984784078,0.146972932391572,0.215861307758962,0.215861307758962,FALSE,0
7,5700,69.3756426768707,59.361649353763,58.283980803619,58.1880870253804,0.000324857297364195,0.000765188605429572,0.145826109987565,0.213731402203331,0.213731402203331,FALSE,0
7,5800,69.3756426768707,59.3805648552827,58.3276000847783,58.2314649491996,0.000318648516770415,0.000748392277909952,0.14469582831738,0.211634018017419,0.211634018017419,FALSE,0
7,5900,69.3756426768707,59.3991259481434,58.3702954853401,58.2739224071069,0.000312578583682224,0.000731993095888519,0.1435818344692,0.209568713332308,0.209568713332308,FALSE,0
7,6000,69.3756426768707,59.4173403420354,58.412087582296,58.3154799210476,0.000306644139981895,0.000715982275031215,0.142483878925975,0.207535048580641,0.207535048580641,FALSE,0
7,6100,69.3756426768707,59.4352155680125,58.4529965553824,58.3561576164122,0.000300841906994092,0.000700351156408245,0.141401715551859,0.205532586670101,0.205532586670101,FALSE,0
7,6200,69.3756426768707,59.4527589823732,58.4930421894912,58.395975224455,0.000295168683970791,0.000685091209495282,0.140335101577115,0.203560893146464,0.203560893146464,FALSE,0
7,6300,69.3756426768707,59.4699777704868,58.5322438774455,58.4349520850778,0.00028962134656767,0.000670194034827021,0.139283797581564,0.201619536346578,0.201619536346578,FALSE,0
7,6400,69.3756426768707,59.486878950561,58.5706206231086,58.4731071499458,0.000284196845329224,0.000655651366167692,0.138247567476676,0.199708087541755,0.199708087541755,FALSE,0
7,6500,69.3756426768707,59.5034693773516,58.6081910448017,58.5104589859103,0.000278892204184505,0.000641455072414423,0.137226178486374,0.197826121071884,0.197826121071884,FALSE,0
7,6600,69.3756426768707,59.5197557458133,58.6449733790039,58.5470257787118,0.000273704518949174,0.000627597159141204,0.136219401126617,0.1959732144707,0.1959732144707,FALSE,0
7,6700,69.3756426768707,59.5357445946906,58.6809854843087,58.5828253369415,0.000268630955839198,0.000614069769835291,0.135227009183855,0.194148948582528,0.194148948582528,FALSE,0
7,6800,69.3756426768707,59.5514423100479,58.716244845616,58.6178750962323,0.000263668749994907,0.000600865186846051,0.134248779692402,0.192352907670887,0.192352907670887,FALSE,0
7,6900,69.3756426768707,59.5668551287392,58.7507685785327,58.6521921236629,0.000258815204022153,0.000587975832027152,0.133284492910817,0.190584679519279,0.190584679519279,FALSE,0
7,7000,69.3756426768707,59.5819891418168,58.7845734339646,58.6857931223486,0.00025406768654933,0.000575394267169727,0.132333932297338,0.188843855524498,0.188843855524498,FALSE,0
7,7100,69.3756426768707,59.5968502978782,58.8176758028803,58.7186944362041,0.00024942363078941,0.00056311319419466,0.131396884484443,0.187130030782768,0.187130030782768,FALSE,0
7,7200,69.3756426768707,59.6114444063523,58.8500917212238,58.7509120548555,0.000244880533134807,0.000551125455077086,0.130473139252593,0.185442804169034,0.185442804169034,FALSE,0
7,7300,69.3756426768707,59.6257771407235,58.8818368749614,58.7824616186842,0.000240435951752939,0.000539424031622755,0.12956248950321,0.183781778409679,0.183781778409679,FALSE,0
7,7400,69.3756426768707,59.6398540416952,58.9129266052475,58.8133584239892,0.000236087505215958,0.000528002045047027,0.128664731230953,0.182146560148967,0.182146560148967,FALSE,0
7,7500,69.3756426768707,59.6536805202919,58.9433759136857,58.8436174282462,0.000231832871136626,0.000516852755291005,0.127779663495341,0.1805367600095,0.1805367600095,FALSE,0
7,7600,69.3756426768707,59.6672618609001,58.9731994676826,58.8732532554553,0.000227669784827671,0.000505969560355315,0.126907088391766,0.178951992646919,0.178951992646919,FALSE,0
7,7700,69.3756426768707,59.6806032242498,59.0024116058682,58.902280201558,0.000223596037987266,0.000495345995287841,0.126046811021953,0.177391876799137,0.177391876799137,FALSE,0
7,7800,69.3756426768707,59.6937096503344,59.0310263435777,58.9307122399131,0.000219609477394661,0.000484975731173095,0.125198639463919,0.175856035330343,0.175856035330343,FALSE,0
7,7900,69.3756426768707,59.7065860612725,59.0590573783787,58.9585630268185,0.00021570800363213,0.000474852573928872,0.124362384741454,0.174344095270003,0.174344095270003,FALSE,0
7,8000,69.3756426768707,59.719237264109,59.0865180956343,58.9858459070676,0.000211889569829575,0.000464970463034527,0.123537860793188,0.172855687847088,0.172855687847088,FALSE,0
7,8100,69.3756426768707,59.7316679535589,59.1134215740897,59.01257391953,0.000208152180426444,0.000455323470099761,0.122724884441273,0.171390448519778,0.171390448519778,FALSE,0
7,8200,69.3756426768707,59.7438827146923,59.1397805914735,59.0387598027459,0.000204493889955327,0.000445905797396301,0.121923275359729,0.169948017000804,0.169948017000804,FALSE,0
7,8300,69.3756426768707,59.7558860255621,59.165607630104,59.0644160005243,0.000200912801853729,0.000436711776272243,0.121132856042472,0.168528037278677,0.168528037278677,FALSE,0
7,8400,69.3756426768707,59.7676822597755,59.1909148824914,59.0895546675394,0.000197407067286396,0.000427735865499573,0.120353451771088,0.16713015763497,0.16713015763497,FALSE,0
7,8500,69.3756426768707,59.7792756890088,59.2157142569304,59.1141876749135,0.000193974883999964,0.00041897264957401,0.119584890582359,0.165754030657854,0.165754030657854,FALSE,0
7,8600,69.3756426768707,59.7906704854675,59.2400173830708,59.1383266157813,0.000190614495196643,0.000410416836904931,0.118827003235597,0.164399313252074,0.164399313252074,FALSE,0
7,8700,69.3756426768707,59.8018707242912,59.2638356174645,59.1619828108274,0.000187324188418179,0.00040206325801052,0.118079623179798,0.163065666645521,0.163065666645521,FALSE,0
7,8800,69.3756426768707,59.8128803859056,59.2871800490801,59.1851673137939,0.000184102294477957,0.000393906863645354,0.117342586520664,0.161752756392582,0.161752756392582,FALSE,0
7,8900,69.3756426768707,59.823703358321,59.3100615047786,59.2078909169464,0.000180947186384393,0.000385942722853472,0.116615731987509,0.160460252374436,0.160460252374436,FALSE,0
7,9000,69.3756426768707,59.8343434393785,59.3324905547489,59.2301641565009,0.000177857278307288,0.000378166021097429,0.115898900900074,0.159187828796406,0.159187828796406,FALSE,0
7,9100,69.3756426768707,59.8448043389458,59.3544775178896,59.2519973179985,0.000174831024558147,0.00037057205816099,0.115191937135297,0.157935164182599,0.157935164182599,FALSE,0
7,9200,69.3756426768707,59.8550896810612,59.3760324671466,59.2734004416315,0.000171866918590298,0.00036315624630819,0.114494687094038,0.15670194136787,0.15670194136787,FALSE,0
7,9300,69.3756426768707,59.8652030060291,59.397165234787,59.2943833275101,0.000168963492023936,0.000355914108139792,0.113806999667796,0.15548784748734,0.15548784748734,FALSE,0
7,9400,69.3756426768707,59.8751477724663,59.417885417617,59.3149555408717,0.000166119313689132,0.000348841274632275,0.113128726205449,0.154292573963549,0.154292573963549,FALSE,0
7,9500,69.3756426768707,59.8849273593004,59.4382023821368,59.3351264172252,0.000163332988692555,0.000341933483108594,0.112459720480009,0.153115816491376,0.153115816491376,FALSE,0
7,9600,69.3756426768707,59.8945450677211,59.4581252696274,59.3549050674292,0.000160603157502165,0.000335186575167239,0.111799838655453,0.151957275020864,0.151957275020864,FALSE,0
7,9700,69.3756426768707,59.9040041230856,59.4776630011703,59.3743003827045,0.000157928495053739,0.000328596494663717,0.111148939253614,0.15081665373805,0.15081665373805,FALSE,0
7,9800,69.3756426768707,59.9133076767784,59.4968242825974,59.3933210395713,0.000155307709877207,0.000322159285693224,0.110506883121173,0.149693661043907,0.149693661043907,FALSE,0
7,9900,69.3756426768707,59.922458808027,59.515617609365,59.4119755047174,0.000152739543240628,0.000315871090502366,0.109873533396757,0.148588009531539,0.148588009531539,FALSE,0
7,10000,69.3756426768707,59.9314605256736,59.5340512713564,59.4302720397904,0.000150222768319289,0.000309728147532752,0.109248755478169,0.147499415961681,0.147499415961681,FALSE,0
7,10100,69.3756426768707,59.9403157699047,59.5521333576078,59.4482187061142,0.000147756189377234,0.000303726789379505,0.108632416989757,0.146427601236643,0.146427601236643,FALSE,0
7,10200,69.3756426768707,59.9490274139382,59.5698717609553,59.4658233693272,0.000145338640973223,0.000297863440777001,0.108024387749948,0.145372290372776,0.145372290372776,FALSE,0
7,10300,69.3756426768707,59.9575982656701,59.587274182605,59.4830937039446,0.000142968987181186,0.000292134616631912,0.107424539738947,0.144333212471558,0.144333212471558,FALSE,0
7,10400,69.3756426768707,59.9660310692806,59.6043481366259,59.5000371978402,0.000140646120833152,0.000286536920089564,0.10683274706663,0.143310100689366,0.143310100689366,FALSE,0
7,10500,69.3756426768707,59.9743285068014,59.6211009543579,59.5166611566475,0.000138368962775212,0.000281067040505353,0.10624888594063,0.142302692206055,0.142302692206055,FALSE,0
7,10600,69.3756426768707,59.9824931996441,59.6375397887462,59.532972708085,0.000136136461148192,0.000275721751615403,0.105672834634639,0.141310728192388,0.141310728192388,FALSE,0
7,10700,69.3756426768707,59.990527710091,59.6536716185899,59.5489788061946,0.000133947590677687,0.000270497909551636,0.105104473456929,0.140333953776416,0.140333953776416,FALSE,0
7,10800,69.3756426768707,59.9984345427496,59.6695032527131,59.5646862355062,0.000131801351986793,0.000265392451020757,0.104543684719105,0.139372118008872,0.139372118008872,FALSE,0
7,10900,69.3756426768707,60.0062161459704,59.6850413340542,59.5801016151167,0.000129696770926299,0.000260402391406217,0.103990352705108,0.138424973827652,0.138424973827652,FALSE,0
7,11000,69.3756426768707,60.01387491323,59.7002923436749,59.595231402692,0.000127632897914703,0.000255524822967601,0.103444363640462,0.137492278021455,0.137492278021455,FALSE,0
7,11100,69.3756426768707,60.0214131844795,59.715262604689,59.6100818983863,0.000125608807302963,0.000250756913013667,0.102905605661785,0.136573791192637,0.136573791192637,FALSE,0
7,11200,69.3756426768707,60.0288332474593,59.7299582861118,59.6246592486838,0.000123623596748921,0.000246095902149351,0.102373968786572,0.135669277719353,0.135669277719353,FALSE,0
7,11300,69.3756426768707,60.0361373389812,59.7443854066292,59.6389694501596,0.000121676386608957,0.000241539102510988,0.101849344883249,0.13477850571704,0.13477850571704,FALSE,0
7,11400,69.3756426768707,60.0433276461782,59.7585498382877,59.6530183531616,0.000119766319348769,0.000237083896036575,0.101331627641518,0.133901246999303,0.133901246999303,FALSE,0
7,11500,69.3756426768707,60.0504063077229,59.7724573101087,59.6668116654168,0.000117892558959533,0.000232727732828294,0.100820712542984,0.133037277038242,0.133037277038242,FALSE,0
7,11600,69.3756426768707,60.0573754150152,59.7861134116197,59.680354955555,0.000116054290400413,0.000228468129395576,0.100316496832085,0.132186374924313,0.132186374924313,FALSE,0
7,11700,69.3756426768707,60.0642370133404,59.7995235963161,59.6936536565621,0.000114250719046461,0.000224302667143716,0.0998188794873226,0.131348323325714,0.131348323325714,FALSE,0
7,11800,69.3756426768707,60.0709931029977,59.8126931850398,59.7067130691525,0.000112481070155664,0.000220228990662107,0.099327761192793,0.130522908447407,0.130522908447407,FALSE,0
7,11900,69.3756426768707,60.0776456404004,59.8256273692869,59.7195383650675,0.000110744588344384,0.000216244806216985,0.0988430443100398,0.129709919989771,0.129709919989771,FALSE,0
7,12000,69.3756426768707,60.0841965391477,59.8383312144404,59.7321345903024,0.000109040537084103,0.000212347880199995,0.0983646328502147,0.128909151106967,0.128909151106967,FALSE,0
7,12100,69.3756426768707,60.0906476710705,59.8508096629288,59.7445066682562,0.000107368198201526,0.00020853603760495,0.0978924324465589,0.128120398365027,0.128120398365027,FALSE,0
7,12200,69.3756426768707,60.0970008672494,59.863067537313,59.7566594028127,0.000105726871403482,0.000204807160558708,0.09742635032721,0.127343461699739,0.127343461699739,FALSE,0
7,12300,69.3756426768707,60.1032579190072,59.8751095433015,59.7685974813482,0.000104115873796019,0.000201159186856599,0.0969662952883313,0.126578144374339,0.126578144374339,FALSE,0
7,12400,69.3756426768707,60.1094205788769,59.8869402726966,59.78032547767,0.000102534539441146,0.000197590108565812,0.0965121776675715,0.125824252937059,0.125824252937059,FALSE,0
7,12500,69.3756426768707,60.1154905615438,59.8985642062698,59.7918478548868,0.000100982218900992,0.00019409797061423,0.0960639093178538,0.125081597178577,0.125081597178577,FALSE,0
7,12600,69.3756426768707,60.1214695447645,59.9099857165712,59.8031689682095,9.94582788046773e-05,0.000190680869445151,0.0956214035814976,0.124349990089372,0.124349990089372,FALSE,0
7,12700,69.3756426768707,60.1273591702624,59.9212090706696,59.8142930676863,9.79621014332083e-05,0.000187336951665311,0.095184575264675,0.123629247817062,0.123629247817062,FALSE,0
7,12800,69.3756426768707,60.1331610445995,59.9322384328311,59.8252243008734,9.64930843002272e-05,0.000184064412794272,0.0947533406122002,0.122919189623702,0.122919189623702,FALSE,0
7,12900,69.3756426768707,60.1388767400273,59.9430778671264,59.835966715438,9.50506397551492e-05,0.000180861495895143,0.0943276172826593,0.122219637843128,0.122219637843128,FALSE,0
7,13000,69.3756426768707,60.1445077953145,59.9537313399842,59.8465242617025,9.3634194591724e-05,0.0001777264904772,0.0939073243238725,0.121530417838314,0.121530417838314,FALSE,0
7,13100,69.3756426768707,60.1500557165548,59.964202722672,59.8569007951228,9.22431896715379e-05,0.000174657731117114,0.0934923821486963,0.12085135795884,0.12085135795884,FALSE,0
7,13200,69.3756426768707,60.155521977953,59.9744957937254,59.8671000787086,9.08770795485756e-05,0.000171653596413911,0.0930827125111634,0.120182289498418,0.120182289498418,FALSE,0
7,13300,69.3756426768707,60.1609080225917,59.9846142413101,59.8771257853811,8.95353321126335e-05,0.000168712507720839,0.0926782384829587,0.119523046652576,0.119523046652576,FALSE,0
7,13400,69.3756426768707,60.1662152631783,59.994561665531,59.8869815002764,8.82174282442024e-05,0.000165832928105905,0.0922788844302331,0.118873466476455,0.118873466476455,FALSE,0
7,13500,69.3756426768707,60.1714450827723,60.0043415806805,59.8966707229869,8.69228614612881e-05,0.000163013361177087,0.0918845759907535,0.118233388842796,0.118233388842796,FALSE,0
7,13600,69.3756426768707,60.1765988354946,60.0139574174311,59.9061968697502,8.56511375991092e-05,0.000160252350034967,0.0914952400513903,0.117602656400108,0.117602656400108,FALSE,0
7,13700,69.3756426768707,60.1816778472186,60.023412524974,59.9155632755809,8.44017744812871e-05,0.000157548476218091,0.0911108047259368,0.116981114531035,0.116981114531035,FALSE,0
7,13800,69.3756426768707,60.186683416243,60.0327101731045,59.9247731963506,8.31743016063476e-05,0.000154900358699348,0.0907311993332642,0.11636861131096,0.11636861131096,FALSE,0
7,13900,69.3756426768707,60.1916168139483,60.0418535542504,59.9338298108125,8.19682598421693e-05,0.00015230665281578,0.0903563543758099,0.115764997466848,0.115764997466848,FALSE,0
7,14000,69.3756426768707,60.1964792854356,60.0508457854546,59.9427362225773,8.07832011279887e-05,0.000149766049378612,0.0899862015183937,0.115170126336348,0.115170126336348,FALSE,0
7,14100,69.3756426768707,60.2012720501497,60.0596899103033,59.9514954620378,7.96186881851045e-05,0.000147277273666638,0.0896206735673658,0.114583853827171,0.114583853827171,FALSE,0
7,14200,69.3756426768707,60.2059963024858,60.068388900806,59.9601104882428,7.84742942347133e-05,0.000144839084513485,0.0892597044500812,0.114006038376762,0.114006038376762,FALSE,0
7,14300,69.3756426768707,60.2106532123813,60.0769456592274,59.968584190725,7.7349602721427e-05,0.000142450273396129,0.0889032291946981,0.113436540912275,0.113436540912275,FALSE,0
7,14400,69.3756426768707,60.2152439258914,60.0853630198732,59.9769193912813,7.62442070495218e-05,0.000140109663589295,0.0885511839103028,0.112875224810863,0.112875224810863,FALSE,0
7,14500,69.3756426768707,60.2197695657513,60.0936437508266,59.9851188457064,7.51577103219738e-05,0.000137816109235269,0.0882035057673509,0.112321955860299,0.112321955860299,FALSE,0
7,14600,69.3756426768707,60.2242312319232,60.101790555645,59.9931852454825,7.40897250861482e-05,0.000135568494600993,0.0878601329784319,0.11177660221994,0.11177660221994,FALSE,0
7,14700,69.3756426768707,60.2286300021292,60.1098060750059,60.0011212194233,7.3039873087059e-05,0.000133365733147743,0.0875210047793458,0.11123903438205,0.11123903438205,FALSE,0
7,14800,69.3756426768707,60.2329669323713,60.1176928883193,60.0089293352799,7.2007785034189e-05,0.00013120676688782,0.0871860614104958,0.110709125133463,0.110709125133463,FALSE,0
7,14900,69.3756426768707,60.2372430574377,60.1254535152866,60.0166121012978,7.09931003603705e-05,0.000129090565430418,0.0868552440985902,0.11018674951765,0.11018674951765,FALSE,0
7,15000,69.3756426768707,60.2414593913962,60.1330904174303,60.0241719677395,6.99954669984264e-05,0.000127016125403464,0.0865284950386529,0.109671784797127,0.109671784797127,FALSE,0
7,15100,69.3756426768707,60.2456169280752,60.1406059995749,60.0316113283647,6.90145411648085e-05,0.000124982469592608,0.0862057573763391,0.109164110416292,0.109164110416292,FALSE,0
7,15200,69.3756426768707,60.2497166415322,60.1480026112939,60.0389325218712,6.80499871364113e-05,0.000122988646291262,0.0858869751905517,0.108663607964627,0.108663607964627,FALSE,0
7,15300,69.3756426768707,60.2537594865107,60.155282548318,60.0461378332986,6.71014770506201e-05,0.000121033728602968,0.085572093476359,0.108170161140308,0.108170161140308,FALSE,0
7,15400,69.3756426768707,60.2577463988854,60.1624480539044,60.0532294953966,6.61686906960172e-05,0.000119116813733952,0.0852610581282056,0.107683655714235,0.107683655714235,FALSE,0
7,15500,69.3756426768707,60.261678296096,60.1695013201719,60.0602096899537,6.52513153167278e-05,0.000117237022357356,0.0849538159234186,0.107203979494464,0.107203979494464,FALSE,0
7,15600,69.3756426768707,60.2655560775699,60.1764444894006,60.0670805490943,6.43490454222482e-05,0.000115393497973262,0.0846503145060007,0.106731022291058,0.106731022291058,FALSE,0
7,15700,69.3756426768707,60.2693806251346,60.1832796552971,60.073844156541,6.34615825961354e-05,0.000113585406291817,0.084350502370711,0.106264675881364,0.106264675881364,FALSE,0
7,15800,69.3756426768707,60.2731528034195,60.190008864225,60.0805025488405,6.25886353192246e-05,0.000111811934583589,0.0840543288474288,0.105804833975717,0.105804833975717,FALSE,0
7,15900,69.3756426768707,60.2768734602471,60.1966341164058,60.0870577165617,6.17299187875501e-05,0.000110072291163665,0.0837617440857956,0.10535139218357,0.10535139218357,FALSE,0
7,16000,69.3756426768707,60.2805434270151,60.2031573670848,60.0935116054584,6.0885154741695e-05,0.000108365704739683,0.0834726990401336,0.104904247980063,0.104904247980063,FALSE,0
7,16100,69.3756426768707,60.2841635190681,60.2095805276681,60.0998661176024,6.00540713016621e-05,0.000106691423908498,0.0831871454546375,0.104463300673019,0.104463300673019,FALSE,0
7,16200,69.3756426768707,60.2877345360609,60.2159054668296,60.1061231124881,5.9236402801827e-05,0.000105048716601233,0.0829050358488325,0.104028451370385,0.104028451370385,FALSE,0
7,16300,69.3756426768707,60.2912572623114,60.2221340115864,60.1122844081042,5.8431889629734e-05,0.000103436869519418,0.0826263235033029,0.103599602948114,0.103599602948114,FALSE,0
7,16400,69.3756426768707,60.2947324671456,60.2282679483485,60.118351781981,5.76402780774442e-05,0.000101855187679162,0.0823509624456765,0.103176660018473,0.103176660018473,FALSE,0
7,16500,69.3756426768707,60.2981609052339,60.2343090239388,60.1243269722066,5.68613201849138e-05,0.000100302993859944,0.0820789074368724,0.102759528898813,0.102759528898813,FALSE,0
7,16600,69.3756426768707,60.3015433169184,60.2402589465865,60.1302116784182,5.6094773600496e-05,9.87796281575007e-05,0.0818101139576,0.102348117580761,0.102348117580761,FALSE,0
7,16700,69.3756426768707,60.3048804285326,60.246119386893,60.1360075627652,5.53404014339225e-05,9.72844474610201e-05,0.0815445381951118,0.101942335699875,0.101942335699875,FALSE,0
7,16800,69.3756426768707,60.3081729527128,60.2518919787765,60.1417162508491,5.45979721173126e-05,9.58168250874554e-05,0.0812821370302027,0.10154209450571,0.10154209450571,FALSE,0
7,16900,69.3756426768707,60.3114215887017,60.2575783203842,60.1473393326362,5.38672592752571e-05,9.43761502075486e-05,0.0810228680244523,0.101147306832363,0.101147306832363,FALSE,0
7,17000,69.3756426768707,60.3146270226447,60.2631799749859,60.1528783633462,5.31480415915946e-05,9.29618275059768e-05,0.0807666894077098,0.100757887069429,0.100757887069429,FALSE,0
7,17100,69.3756426768707,60.3177899278788,60.2686984718429,60.1583348643189,5.2440102678765e-05,9.15732767378228e-05,0.0805135600658133,0.10037375113341,0.10037375113341,FALSE,0
7,17200,69.3756426768707,60.3209109652139,60.2741353070512,60.1637103238554,5.17432309584475e-05,9.02099322895062e-05,0.0802634395285451,0.099994816439561,0.099994816439561,FALSE,0
7,17300,69.3756426768707,60.3239907832079,60.2794919443652,60.1690061980394,5.10572195396904e-05,8.88712428095496e-05,0.0800162879578131,0.0996210018741642,0.0996210018741642,FALSE,0
7,17400,69.3756426768707,60.3270300184341,60.2847698159988,60.1742239115346,5.0381866099237e-05,8.75566708237397e-05,0.0797720661360612,0.0992522277672475,0.0992522277672475,FALSE,0
7,17500,69.3756426768707,60.3300292957429,60.2899703234026,60.1793648583616,4.97169727701665e-05,8.62656923083675e-05,0.0795307354549009,0.0988884158657359,0.0988884158657359,FALSE,0
7,17600,69.3756426768707,60.3329892285161,60.2950948380252,60.1844304026546,4.90623460283563e-05,8.4997796401615e-05,0.079292257903962,0.0985294893070188,0.0985294893070188,FALSE,0
7,17700,69.3756426768707,60.335910418916,60.3001447020492,60.189421879397,4.84177965863012e-05,8.37524849668267e-05,0.0790565960599576,0.0981753725929639,0.0981753725929639,FALSE,0
7,17800,69.3756426768707,60.3387934581275,60.3051212291117,60.1943405951386,4.77831392860369e-05,8.25292723102091e-05,0.0788237130759633,0.0978259915643425,0.0978259915643425,FALSE,0
7,17900,69.3756426768707,60.3416389265946,60.3100257050037,60.199187828693,4.71581929979925e-05,8.1327684814341e-05,0.0785935726709029,0.0974812733756788,0.0974812733756788,FALSE,0
7,18000,69.3756426768707,60.3444473942515,60.3148593883494,60.203964831816,4.65427805212893e-05,8.01472605784678e-05,0.0783661391192382,0.0971411464705286,0.0971411464705286,FALSE,0
7,18100,69.3756426768707,60.3472194207471,60.319623511272,60.2086728298669,4.59367284858354e-05,7.89875491859404e-05,0.0781413772408626,0.0968055405571514,0.0968055405571514,FALSE,0
7,18200,69.3756426768707,60.3499555556649,60.3243192800378,60.2133130224525,4.53398672559717e-05,7.7848111319035e-05,0.0779192523911913,0.0964743865846192,0.0964743865846192,FALSE,0
7,18300,69.3756426768707,60.3526563387375,60.3289478756837,60.2178865840523,4.47520308459112e-05,7.67285184673975e-05,0.0776997304514451,0.0961476167193186,0.0961476167193186,FALSE,0
7,18400,69.3756426768707,60.3553223000551,60.3335104546308,60.2223946646292,4.4173056818704e-05,7.56283526856212e-05,0.0774827778191269,0.0958251643218575,0.0958251643218575,FALSE,0
7,18500,69.3756426768707,60.3579539602701,60.3380081492778,60.2268383902227,4.36027862126429e-05,7.45472062389101e-05,0.0772683613986859,0.095506963924385,0.095506963924385,FALSE,0
7,18600,69.3756426768707,60.3605518307958,60.3424420685825,60.231218863527,4.30410634421217e-05,7.34846813937047e-05,0.0770564485923647,0.0951929512082912,0.0951929512082912,FALSE,0
7,18700,69.3756426768707,60.3631164140006,60.3468132986257,60.235537164453,4.24877362288646e-05,7.2440390102465e-05,0.0768470072912295,0.0948830629823123,0.0948830629823123,FALSE,0
7,18800,69.3756426768707,60.3656482033979,60.3511229031596,60.2397943506769,4.19426555111339e-05,7.14139537506702e-05,0.0766400058663765,0.0945772371610214,0.0945772371610214,FALSE,0
7,18900,69.3756426768707,60.368147683831,60.3553719241443,60.2439914581726,4.14056753708184e-05,7.04050029271205e-05,0.0764354131603155,0.0942754127437022,0.0942754127437022,FALSE,0
7,19000,69.3756426768707,60.3706153316535,60.3595613822674,60.2481295017314,4.08766529569754e-05,6.94131771462853e-05,0.0762331984785212,0.0939775297936031,0.0939775297936031,FALSE,0
7,19100,69.3756426768707,60.373051614906,60.3636922774532,60.2522094754677,4.03554484104112e-05,6.84381246516027e-05,0.0760333315811561,0.0936835294175636,0.0936835294175636,FALSE,0
7,19200,69.3756426768707,60.3754569934878,60.3677655893537,60.2562323533106,3.98419247907105e-05,6.74795021112127e-05,0.0758357826749575,0.093393353746024,0.093393353746024,FALSE,0
7,19300,69.3756426768707,60.3778319193251,60.3717822778324,60.2601990894845,3.93359480080643e-05,6.65369744845307e-05,0.0756405224052874,0.0931069459133843,0.0931069459133843,FALSE,0
7,19400,69.3756426768707,60.3801768365349,60.3757432834298,60.2641106189732,3.88373867565962e-05,6.56102147063483e-05,0.0754475218483381,0.0928242500387394,0.0928242500387394,FALSE,0
7,19500,69.3756426768707,60.3824921815851,60.3796495278221,60.2679678579775,3.83461124417711e-05,6.46989035633752e-05,0.0752567525034996,0.0925452112069646,0.0925452112069646,FALSE,0
7,19600,69.3756426768707,60.384778383451,60.3835019142622,60.2717717043553,3.78619991209473e-05,6.38027294008878e-05,0.0750681862858748,0.0922697754501572,0.0922697754501572,FALSE,0
7,19700,69.3756426768707,60.3870358637677,60.3873013280162,60.2755230380545,3.73849234384747e-05,6.29213880204551e-05,0.0748817955189479,0.0919978897294184,0.0919978897294184,FALSE,0
7,19800,69.3756426768707,60.3892650369794,60.3910486367796,60.2792227215306,3.69147645643979e-05,6.20545823535117e-05,0.0746975529273984,0.0917295019169934,0.0917295019169934,FALSE,0
7,19900,69.3756426768707,60.3914663104845,60.3947446910915,60.2828716001574,3.64514041331135e-05,6.1202022408211e-05,0.0745154316300623,0.0914645607787333,0.0914645607787333,FALSE,0
7,20000,69.3756426768707,60.3936400847785,60.3983903247319,60.286470502624,3.59947261883329e-05,6.03634249811622e-05,0.0743354051330294,0.0912030159569006,0.0912030159569006,FALSE,0
